classifier_name,dataset_name,accuracy
mean,car_rate_5,0.9189930468291866
mice,car_rate_5,0.9189930468291866
rbfn,car_rate_5,0.0
genrbf,car_rate_5,0.7002328893356791
em,car_rate_5,0.901633576275446
kpca,car_rate_5,0.9340437295802966
ppca,car_rate_5,0.8750054452542516
mpk,car_rate_5,0.8518606014911618
mean,car_rate_10,0.9189930468291866
mice,car_rate_10,0.9189930468291866
rbfn,car_rate_10,0.0
genrbf,car_rate_10,0.7002328893356791
em,car_rate_10,0.901633576275446
kpca,car_rate_10,0.9340437295802966
ppca,car_rate_10,0.8750054452542516
mpk,car_rate_10,0.8518606014911618
mean,car_rate_20,0.9189930468291866
mice,car_rate_20,0.9189930468291866
rbfn,car_rate_20,0.0
genrbf,car_rate_20,0.7002328893356791
em,car_rate_20,0.901633576275446
kpca,car_rate_20,0.9340437295802966
ppca,car_rate_20,0.8750054452542516
mpk,car_rate_20,0.8518606014911618
mean,car_rate_30,0.9189930468291866
mice,car_rate_30,0.9189930468291866
rbfn,car_rate_30,0.0
genrbf,car_rate_30,0.7002328893356791
em,car_rate_30,0.901633576275446
kpca,car_rate_30,0.9340437295802966
ppca,car_rate_30,0.8750054452542516
mpk,car_rate_30,0.8518606014911618
mean,car_rate_40,0.9189930468291866
mice,car_rate_40,0.9189930468291866
rbfn,car_rate_40,0.0
genrbf,car_rate_40,0.7002328893356791
em,car_rate_40,0.901633576275446
kpca,car_rate_40,0.9340437295802966
ppca,car_rate_40,0.8750054452542516
mpk,car_rate_40,0.8518606014911618
mean,car_rate_50,0.9189930468291866
mice,car_rate_50,0.9189930468291866
rbfn,car_rate_50,0.0
genrbf,car_rate_50,0.7002328893356791
em,car_rate_50,0.901633576275446
kpca,car_rate_50,0.9340437295802966
ppca,car_rate_50,0.8750054452542516
mpk,car_rate_50,0.8518606014911618
mean,car_rate_60,0.9189930468291866
mice,car_rate_60,0.9189930468291866
rbfn,car_rate_60,0.0
genrbf,car_rate_60,0.7002328893356791
em,car_rate_60,0.901633576275446
kpca,car_rate_60,0.9340437295802966
ppca,car_rate_60,0.8750054452542516
mpk,car_rate_60,0.8518606014911618
mean,car_rate_70,0.9189930468291866
mice,car_rate_70,0.9189930468291866
rbfn,car_rate_70,0.0
genrbf,car_rate_70,0.7002328893356791
em,car_rate_70,0.901633576275446
kpca,car_rate_70,0.9340437295802966
ppca,car_rate_70,0.8750054452542516
mpk,car_rate_70,0.8518606014911618
mean,car_rate_80,0.9189930468291866
mice,car_rate_80,0.9189930468291866
rbfn,car_rate_80,0.0
genrbf,car_rate_80,0.7002328893356791
em,car_rate_80,0.901633576275446
kpca,car_rate_80,0.9340437295802966
ppca,car_rate_80,0.8750054452542516
mpk,car_rate_80,0.8518606014911618
mean,breast_rate_5,0.7027828191167573
mice,breast_rate_5,0.7027828191167573
rbfn,breast_rate_5,0.0
genrbf,breast_rate_5,0.0
em,breast_rate_5,0.7027828191167573
kpca,breast_rate_5,0.6885057471264366
ppca,breast_rate_5,0.7027828191167573
mpk,breast_rate_5,0.7236539624924381
mean,breast_rate_10,0.7027828191167573
mice,breast_rate_10,0.7027828191167573
rbfn,breast_rate_10,0.0
genrbf,breast_rate_10,0.0
em,breast_rate_10,0.7027828191167573
kpca,breast_rate_10,0.6885057471264366
ppca,breast_rate_10,0.7027828191167573
mpk,breast_rate_10,0.7236539624924381
mean,breast_rate_20,0.7027828191167573
mice,breast_rate_20,0.7027828191167573
rbfn,breast_rate_20,0.0
genrbf,breast_rate_20,0.0
em,breast_rate_20,0.7027828191167573
kpca,breast_rate_20,0.6885057471264366
ppca,breast_rate_20,0.7027828191167573
mpk,breast_rate_20,0.7236539624924381
mean,breast_rate_30,0.7027828191167573
mice,breast_rate_30,0.7027828191167573
rbfn,breast_rate_30,0.0
genrbf,breast_rate_30,0.0
em,breast_rate_30,0.7027828191167573
kpca,breast_rate_30,0.6885057471264366
ppca,breast_rate_30,0.7027828191167573
mpk,breast_rate_30,0.7236539624924381
mean,breast_rate_40,0.7027828191167573
mice,breast_rate_40,0.7027828191167573
rbfn,breast_rate_40,0.0
genrbf,breast_rate_40,0.0
em,breast_rate_40,0.7027828191167573
kpca,breast_rate_40,0.6885057471264366
ppca,breast_rate_40,0.7027828191167573
mpk,breast_rate_40,0.7236539624924381
mean,breast_rate_50,0.7027828191167573
mice,breast_rate_50,0.7027828191167573
rbfn,breast_rate_50,0.0
genrbf,breast_rate_50,0.0
em,breast_rate_50,0.7027828191167573
kpca,breast_rate_50,0.6885057471264366
ppca,breast_rate_50,0.7027828191167573
mpk,breast_rate_50,0.7236539624924381
mean,breast_rate_60,0.7027828191167573
mice,breast_rate_60,0.7027828191167573
rbfn,breast_rate_60,0.0
genrbf,breast_rate_60,0.0
em,breast_rate_60,0.7027828191167573
kpca,breast_rate_60,0.6885057471264366
ppca,breast_rate_60,0.7027828191167573
mpk,breast_rate_60,0.7236539624924381
mean,breast_rate_70,0.7027828191167573
mice,breast_rate_70,0.7027828191167573
rbfn,breast_rate_70,0.0
genrbf,breast_rate_70,0.0
em,breast_rate_70,0.7027828191167573
kpca,breast_rate_70,0.6885057471264366
ppca,breast_rate_70,0.7027828191167573
mpk,breast_rate_70,0.7236539624924381
mean,breast_rate_80,0.7027828191167573
mice,breast_rate_80,0.7027828191167573
rbfn,breast_rate_80,0.0
genrbf,breast_rate_80,0.0
em,breast_rate_80,0.7027828191167573
kpca,breast_rate_80,0.6885057471264366
ppca,breast_rate_80,0.7027828191167573
mpk,breast_rate_80,0.7236539624924381
mean,australian_rate_5,0.673913043478261
mice,australian_rate_5,0.6695652173913043
rbfn,australian_rate_5,0.0014492753623188
genrbf,australian_rate_5,0.4797101449275362
em,australian_rate_5,0.655072463768116
kpca,australian_rate_5,0.5521739130434783
ppca,australian_rate_5,0.655072463768116
mpk,australian_rate_5,0.8565217391304347
mean,australian_rate_10,0.673913043478261
mice,australian_rate_10,0.6695652173913043
rbfn,australian_rate_10,0.0014492753623188
genrbf,australian_rate_10,0.4797101449275362
em,australian_rate_10,0.655072463768116
kpca,australian_rate_10,0.5521739130434783
ppca,australian_rate_10,0.655072463768116
mpk,australian_rate_10,0.8565217391304347
mean,australian_rate_20,0.673913043478261
mice,australian_rate_20,0.6695652173913043
rbfn,australian_rate_20,0.0014492753623188
genrbf,australian_rate_20,0.4797101449275362
em,australian_rate_20,0.655072463768116
kpca,australian_rate_20,0.5521739130434783
ppca,australian_rate_20,0.655072463768116
mpk,australian_rate_20,0.8565217391304347
mean,australian_rate_30,0.673913043478261
mice,australian_rate_30,0.6695652173913043
rbfn,australian_rate_30,0.0014492753623188
genrbf,australian_rate_30,0.4797101449275362
em,australian_rate_30,0.655072463768116
kpca,australian_rate_30,0.5521739130434783
ppca,australian_rate_30,0.655072463768116
mpk,australian_rate_30,0.8565217391304347
mean,australian_rate_40,0.673913043478261
mice,australian_rate_40,0.6695652173913043
rbfn,australian_rate_40,0.0014492753623188
genrbf,australian_rate_40,0.4797101449275362
em,australian_rate_40,0.655072463768116
kpca,australian_rate_40,0.5521739130434783
ppca,australian_rate_40,0.655072463768116
mpk,australian_rate_40,0.8565217391304347
mean,australian_rate_50,0.673913043478261
mice,australian_rate_50,0.6695652173913043
rbfn,australian_rate_50,0.0014492753623188
genrbf,australian_rate_50,0.4797101449275362
em,australian_rate_50,0.655072463768116
kpca,australian_rate_50,0.5521739130434783
ppca,australian_rate_50,0.655072463768116
mpk,australian_rate_50,0.8565217391304347
mean,australian_rate_60,0.673913043478261
mice,australian_rate_60,0.6695652173913043
rbfn,australian_rate_60,0.0014492753623188
genrbf,australian_rate_60,0.4797101449275362
em,australian_rate_60,0.655072463768116
kpca,australian_rate_60,0.5521739130434783
ppca,australian_rate_60,0.655072463768116
mpk,australian_rate_60,0.8565217391304347
mean,australian_rate_70,0.673913043478261
mice,australian_rate_70,0.6695652173913043
rbfn,australian_rate_70,0.0014492753623188
genrbf,australian_rate_70,0.4797101449275362
em,australian_rate_70,0.655072463768116
kpca,australian_rate_70,0.5521739130434783
ppca,australian_rate_70,0.655072463768116
mpk,australian_rate_70,0.8565217391304347
mean,australian_rate_80,0.673913043478261
mice,australian_rate_80,0.6695652173913043
rbfn,australian_rate_80,0.0014492753623188
genrbf,australian_rate_80,0.4797101449275362
em,australian_rate_80,0.655072463768116
kpca,australian_rate_80,0.5521739130434783
ppca,australian_rate_80,0.655072463768116
mpk,australian_rate_80,0.8565217391304347
mean,heart_rate_5,0.5412568306010929
mice,heart_rate_5,0.5412568306010929
rbfn,heart_rate_5,0.0
genrbf,heart_rate_5,0.5412568306010929
em,heart_rate_5,0.5412568306010929
kpca,heart_rate_5,0.5412568306010929
ppca,heart_rate_5,0.5412568306010929
mpk,heart_rate_5,0.5908743169398907
mean,heart_rate_10,0.5412568306010929
mice,heart_rate_10,0.5412568306010929
rbfn,heart_rate_10,0.0
genrbf,heart_rate_10,0.5412568306010929
em,heart_rate_10,0.5412568306010929
kpca,heart_rate_10,0.5412568306010929
ppca,heart_rate_10,0.5412568306010929
mpk,heart_rate_10,0.5908743169398907
mean,heart_rate_20,0.5412568306010929
mice,heart_rate_20,0.5412568306010929
rbfn,heart_rate_20,0.0
genrbf,heart_rate_20,0.5412568306010929
em,heart_rate_20,0.5412568306010929
kpca,heart_rate_20,0.5412568306010929
ppca,heart_rate_20,0.5412568306010929
mpk,heart_rate_20,0.5908743169398907
mean,heart_rate_30,0.5412568306010929
mice,heart_rate_30,0.5412568306010929
rbfn,heart_rate_30,0.0
genrbf,heart_rate_30,0.5412568306010929
em,heart_rate_30,0.5412568306010929
kpca,heart_rate_30,0.5412568306010929
ppca,heart_rate_30,0.5412568306010929
mpk,heart_rate_30,0.5908743169398907
mean,heart_rate_40,0.5412568306010929
mice,heart_rate_40,0.5412568306010929
rbfn,heart_rate_40,0.0
genrbf,heart_rate_40,0.5412568306010929
em,heart_rate_40,0.5412568306010929
kpca,heart_rate_40,0.5412568306010929
ppca,heart_rate_40,0.5412568306010929
mpk,heart_rate_40,0.5908743169398907
mean,heart_rate_50,0.5412568306010929
mice,heart_rate_50,0.5412568306010929
rbfn,heart_rate_50,0.0
genrbf,heart_rate_50,0.5412568306010929
em,heart_rate_50,0.5412568306010929
kpca,heart_rate_50,0.5412568306010929
ppca,heart_rate_50,0.5412568306010929
mpk,heart_rate_50,0.5908743169398907
mean,heart_rate_60,0.5412568306010929
mice,heart_rate_60,0.5412568306010929
rbfn,heart_rate_60,0.0
genrbf,heart_rate_60,0.5412568306010929
em,heart_rate_60,0.5412568306010929
kpca,heart_rate_60,0.5412568306010929
ppca,heart_rate_60,0.5412568306010929
mpk,heart_rate_60,0.5908743169398907
mean,heart_rate_70,0.5412568306010929
mice,heart_rate_70,0.5412568306010929
rbfn,heart_rate_70,0.0
genrbf,heart_rate_70,0.5412568306010929
em,heart_rate_70,0.5412568306010929
kpca,heart_rate_70,0.5412568306010929
ppca,heart_rate_70,0.5412568306010929
mpk,heart_rate_70,0.5908743169398907
mean,heart_rate_80,0.5412568306010929
mice,heart_rate_80,0.5412568306010929
rbfn,heart_rate_80,0.0
genrbf,heart_rate_80,0.5412568306010929
em,heart_rate_80,0.5412568306010929
kpca,heart_rate_80,0.5412568306010929
ppca,heart_rate_80,0.5412568306010929
mpk,heart_rate_80,0.5908743169398907
mean,adult_rate_5,0.5301175248150374
mice,adult_rate_5,0.5301175248150374
genrbf,adult_rate_5,0.4670161085531134
em,adult_rate_5,0.5094262295081967
kpca,adult_rate_5,0.5061475409836065
ppca,adult_rate_5,0.5301789477805448
mpk,adult_rate_5,0.5540983606557377
mean,adult_rate_10,0.5301175248150374
mice,adult_rate_10,0.5301175248150374
genrbf,adult_rate_10,0.4670161085531134
em,adult_rate_10,0.5094262295081967
kpca,adult_rate_10,0.5061475409836065
ppca,adult_rate_10,0.5301789477805448
mpk,adult_rate_10,0.5540983606557377
mean,adult_rate_20,0.5301175248150374
mice,adult_rate_20,0.5301175248150374
genrbf,adult_rate_20,0.4670161085531134
em,adult_rate_20,0.5094262295081967
kpca,adult_rate_20,0.5061475409836065
ppca,adult_rate_20,0.5301789477805448
mpk,adult_rate_20,0.5540983606557377
mean,adult_rate_30,0.5301175248150374
mice,adult_rate_30,0.5301175248150374
genrbf,adult_rate_30,0.4670161085531134
em,adult_rate_30,0.5094262295081967
kpca,adult_rate_30,0.5061475409836065
ppca,adult_rate_30,0.5301789477805448
mpk,adult_rate_30,0.5540983606557377
mean,adult_rate_40,0.5301175248150374
mice,adult_rate_40,0.5301175248150374
genrbf,adult_rate_40,0.4670161085531134
em,adult_rate_40,0.5094262295081967
kpca,adult_rate_40,0.5061475409836065
ppca,adult_rate_40,0.5301789477805448
mpk,adult_rate_40,0.5540983606557377
mean,adult_rate_50,0.5301175248150374
mice,adult_rate_50,0.5301175248150374
genrbf,adult_rate_50,0.4670161085531134
em,adult_rate_50,0.5094262295081967
kpca,adult_rate_50,0.5061475409836065
ppca,adult_rate_50,0.5301789477805448
mpk,adult_rate_50,0.5540983606557377
mean,adult_rate_60,0.5301175248150374
mice,adult_rate_60,0.5301175248150374
genrbf,adult_rate_60,0.4670161085531134
em,adult_rate_60,0.5094262295081967
kpca,adult_rate_60,0.5061475409836065
ppca,adult_rate_60,0.5301789477805448
mpk,adult_rate_60,0.5540983606557377
mean,adult_rate_70,0.5301175248150374
mice,adult_rate_70,0.5301175248150374
genrbf,adult_rate_70,0.4670161085531134
em,adult_rate_70,0.5094262295081967
kpca,adult_rate_70,0.5061475409836065
ppca,adult_rate_70,0.5301789477805448
mpk,adult_rate_70,0.5540983606557377
mean,adult_rate_80,0.5301175248150374
mice,adult_rate_80,0.5301175248150374
genrbf,adult_rate_80,0.4670161085531134
em,adult_rate_80,0.5094262295081967
kpca,adult_rate_80,0.5061475409836065
ppca,adult_rate_80,0.5301789477805448
mpk,adult_rate_80,0.5540983606557377
mean,student_rate_5,0.5331782945736434
mice,student_rate_5,0.534716756112105
rbfn,student_rate_5,0.0
genrbf,student_rate_5,0.4145259391771019
em,student_rate_5,0.4052355396541443
kpca,student_rate_5,0.550041741204532
ppca,student_rate_5,0.5546571258199164
mpk,student_rate_5,0.5608467501490757
mean,student_rate_10,0.5331782945736434
mice,student_rate_10,0.534716756112105
rbfn,student_rate_10,0.0
genrbf,student_rate_10,0.4145259391771019
em,student_rate_10,0.4052355396541443
kpca,student_rate_10,0.550041741204532
ppca,student_rate_10,0.5546571258199164
mpk,student_rate_10,0.5608467501490757
mean,student_rate_20,0.5331782945736434
mice,student_rate_20,0.534716756112105
rbfn,student_rate_20,0.0
genrbf,student_rate_20,0.4145259391771019
em,student_rate_20,0.4052355396541443
kpca,student_rate_20,0.550041741204532
ppca,student_rate_20,0.5546571258199164
mpk,student_rate_20,0.5608467501490757
mean,student_rate_30,0.5331782945736434
mice,student_rate_30,0.534716756112105
rbfn,student_rate_30,0.0
genrbf,student_rate_30,0.4145259391771019
em,student_rate_30,0.4052355396541443
kpca,student_rate_30,0.550041741204532
ppca,student_rate_30,0.5546571258199164
mpk,student_rate_30,0.5608467501490757
mean,student_rate_40,0.5331782945736434
mice,student_rate_40,0.534716756112105
rbfn,student_rate_40,0.0
genrbf,student_rate_40,0.4145259391771019
em,student_rate_40,0.4052355396541443
kpca,student_rate_40,0.550041741204532
ppca,student_rate_40,0.5546571258199164
mpk,student_rate_40,0.5608467501490757
mean,student_rate_50,0.5331782945736434
mice,student_rate_50,0.534716756112105
rbfn,student_rate_50,0.0
genrbf,student_rate_50,0.4145259391771019
em,student_rate_50,0.4052355396541443
kpca,student_rate_50,0.550041741204532
ppca,student_rate_50,0.5546571258199164
mpk,student_rate_50,0.5608467501490757
mean,student_rate_60,0.5331782945736434
mice,student_rate_60,0.534716756112105
rbfn,student_rate_60,0.0
genrbf,student_rate_60,0.4145259391771019
em,student_rate_60,0.4052355396541443
kpca,student_rate_60,0.550041741204532
ppca,student_rate_60,0.5546571258199164
mpk,student_rate_60,0.5608467501490757
mean,student_rate_70,0.5331782945736434
mice,student_rate_70,0.534716756112105
rbfn,student_rate_70,0.0
genrbf,student_rate_70,0.4145259391771019
em,student_rate_70,0.4052355396541443
kpca,student_rate_70,0.550041741204532
ppca,student_rate_70,0.5546571258199164
mpk,student_rate_70,0.5608467501490757
mean,student_rate_80,0.5331782945736434
mice,student_rate_80,0.534716756112105
rbfn,student_rate_80,0.0
genrbf,student_rate_80,0.4145259391771019
em,student_rate_80,0.4052355396541443
kpca,student_rate_80,0.550041741204532
ppca,student_rate_80,0.5546571258199164
mpk,student_rate_80,0.5608467501490757
mean,banknote_rate_5,0.8884963503649634
mice,banknote_rate_5,0.9140066357000662
rbfn,banknote_rate_5,0.54750099535501
genrbf,banknote_rate_5,0.8505958858659589
em,banknote_rate_5,0.948244193762442
kpca,banknote_rate_5,0.9941738553417384
ppca,banknote_rate_5,0.9620968812209688
mpk,banknote_rate_5,0.9329635036496352
mean,banknote_rate_10,0.8884963503649634
mice,banknote_rate_10,0.9140066357000662
rbfn,banknote_rate_10,0.54750099535501
genrbf,banknote_rate_10,0.8505958858659589
em,banknote_rate_10,0.948244193762442
kpca,banknote_rate_10,0.9941738553417384
ppca,banknote_rate_10,0.9620968812209688
mpk,banknote_rate_10,0.9329635036496352
mean,banknote_rate_20,0.8884963503649634
mice,banknote_rate_20,0.9140066357000662
rbfn,banknote_rate_20,0.54750099535501
genrbf,banknote_rate_20,0.8505958858659589
em,banknote_rate_20,0.948244193762442
kpca,banknote_rate_20,0.9941738553417384
ppca,banknote_rate_20,0.9620968812209688
mpk,banknote_rate_20,0.9329635036496352
mean,banknote_rate_30,0.8884963503649634
mice,banknote_rate_30,0.9140066357000662
rbfn,banknote_rate_30,0.54750099535501
genrbf,banknote_rate_30,0.8505958858659589
em,banknote_rate_30,0.948244193762442
kpca,banknote_rate_30,0.9941738553417384
ppca,banknote_rate_30,0.9620968812209688
mpk,banknote_rate_30,0.9329635036496352
mean,banknote_rate_40,0.8884963503649634
mice,banknote_rate_40,0.9140066357000662
rbfn,banknote_rate_40,0.54750099535501
genrbf,banknote_rate_40,0.8505958858659589
em,banknote_rate_40,0.948244193762442
kpca,banknote_rate_40,0.9941738553417384
ppca,banknote_rate_40,0.9620968812209688
mpk,banknote_rate_40,0.9329635036496352
mean,banknote_rate_50,0.8884963503649634
mice,banknote_rate_50,0.9140066357000662
rbfn,banknote_rate_50,0.54750099535501
genrbf,banknote_rate_50,0.8505958858659589
em,banknote_rate_50,0.948244193762442
kpca,banknote_rate_50,0.9941738553417384
ppca,banknote_rate_50,0.9620968812209688
mpk,banknote_rate_50,0.9329635036496352
mean,banknote_rate_60,0.8884963503649634
mice,banknote_rate_60,0.9140066357000662
rbfn,banknote_rate_60,0.54750099535501
genrbf,banknote_rate_60,0.8505958858659589
em,banknote_rate_60,0.948244193762442
kpca,banknote_rate_60,0.9941738553417384
ppca,banknote_rate_60,0.9620968812209688
mpk,banknote_rate_60,0.9329635036496352
mean,banknote_rate_70,0.8884963503649634
mice,banknote_rate_70,0.9140066357000662
rbfn,banknote_rate_70,0.54750099535501
genrbf,banknote_rate_70,0.8505958858659589
em,banknote_rate_70,0.948244193762442
kpca,banknote_rate_70,0.9941738553417384
ppca,banknote_rate_70,0.9620968812209688
mpk,banknote_rate_70,0.9329635036496352
mean,banknote_rate_80,0.8884963503649634
mice,banknote_rate_80,0.9140066357000662
rbfn,banknote_rate_80,0.54750099535501
genrbf,banknote_rate_80,0.8505958858659589
em,banknote_rate_80,0.948244193762442
kpca,banknote_rate_80,0.9941738553417384
ppca,banknote_rate_80,0.9620968812209688
mpk,banknote_rate_80,0.9329635036496352
mean,sonar_rate_5,0.7737514518002323
mice,sonar_rate_5,0.7931475029036005
rbfn,sonar_rate_5,0.0
genrbf,sonar_rate_5,0.5346109175377468
em,sonar_rate_5,0.7736353077816492
kpca,sonar_rate_5,0.8220673635307781
ppca,sonar_rate_5,0.7594657375145178
mpk,sonar_rate_5,0.7927990708478513
mean,sonar_rate_10,0.7737514518002323
mice,sonar_rate_10,0.7931475029036005
rbfn,sonar_rate_10,0.0
genrbf,sonar_rate_10,0.5346109175377468
em,sonar_rate_10,0.7736353077816492
kpca,sonar_rate_10,0.8220673635307781
ppca,sonar_rate_10,0.7594657375145178
mpk,sonar_rate_10,0.7927990708478513
mean,sonar_rate_20,0.7737514518002323
mice,sonar_rate_20,0.7931475029036005
rbfn,sonar_rate_20,0.0
genrbf,sonar_rate_20,0.5346109175377468
em,sonar_rate_20,0.7736353077816492
kpca,sonar_rate_20,0.8220673635307781
ppca,sonar_rate_20,0.7594657375145178
mpk,sonar_rate_20,0.7927990708478513
mean,sonar_rate_30,0.7737514518002323
mice,sonar_rate_30,0.7931475029036005
rbfn,sonar_rate_30,0.0
genrbf,sonar_rate_30,0.5346109175377468
em,sonar_rate_30,0.7736353077816492
kpca,sonar_rate_30,0.8220673635307781
ppca,sonar_rate_30,0.7594657375145178
mpk,sonar_rate_30,0.7927990708478513
mean,sonar_rate_40,0.7737514518002323
mice,sonar_rate_40,0.7931475029036005
rbfn,sonar_rate_40,0.0
genrbf,sonar_rate_40,0.5346109175377468
em,sonar_rate_40,0.7736353077816492
kpca,sonar_rate_40,0.8220673635307781
ppca,sonar_rate_40,0.7594657375145178
mpk,sonar_rate_40,0.7927990708478513
mean,sonar_rate_50,0.7737514518002323
mice,sonar_rate_50,0.7931475029036005
rbfn,sonar_rate_50,0.0
genrbf,sonar_rate_50,0.5346109175377468
em,sonar_rate_50,0.7736353077816492
kpca,sonar_rate_50,0.8220673635307781
ppca,sonar_rate_50,0.7594657375145178
mpk,sonar_rate_50,0.7927990708478513
mean,sonar_rate_60,0.7737514518002323
mice,sonar_rate_60,0.7931475029036005
rbfn,sonar_rate_60,0.0
genrbf,sonar_rate_60,0.5346109175377468
em,sonar_rate_60,0.7736353077816492
kpca,sonar_rate_60,0.8220673635307781
ppca,sonar_rate_60,0.7594657375145178
mpk,sonar_rate_60,0.7927990708478513
mean,sonar_rate_70,0.7737514518002323
mice,sonar_rate_70,0.7931475029036005
rbfn,sonar_rate_70,0.0
genrbf,sonar_rate_70,0.5346109175377468
em,sonar_rate_70,0.7736353077816492
kpca,sonar_rate_70,0.8220673635307781
ppca,sonar_rate_70,0.7594657375145178
mpk,sonar_rate_70,0.7927990708478513
mean,sonar_rate_80,0.7737514518002323
mice,sonar_rate_80,0.7931475029036005
rbfn,sonar_rate_80,0.0
genrbf,sonar_rate_80,0.5346109175377468
em,sonar_rate_80,0.7736353077816492
kpca,sonar_rate_80,0.8220673635307781
ppca,sonar_rate_80,0.7594657375145178
mpk,sonar_rate_80,0.7927990708478513
mean,spam_rate_5,0.8154760893169051
mice,spam_rate_5,0.8154760893169051
rbfn,spam_rate_5,0.0
genrbf,spam_rate_5,0.8782854175518103
em,spam_rate_5,0.7250557050464995
kpca,spam_rate_5,0.8267719397630175
ppca,spam_rate_5,0.710278289194165
mpk,spam_rate_5,0.9467476278147572
mean,spam_rate_10,0.8154760893169051
mice,spam_rate_10,0.8154760893169051
rbfn,spam_rate_10,0.0
genrbf,spam_rate_10,0.8782854175518103
em,spam_rate_10,0.7250557050464995
kpca,spam_rate_10,0.8267719397630175
ppca,spam_rate_10,0.710278289194165
mpk,spam_rate_10,0.9467476278147572
mean,spam_rate_20,0.8154760893169051
mice,spam_rate_20,0.8154760893169051
rbfn,spam_rate_20,0.0
genrbf,spam_rate_20,0.8782854175518103
em,spam_rate_20,0.7250557050464995
kpca,spam_rate_20,0.8267719397630175
ppca,spam_rate_20,0.710278289194165
mpk,spam_rate_20,0.9467476278147572
mean,spam_rate_30,0.8154760893169051
mice,spam_rate_30,0.8154760893169051
rbfn,spam_rate_30,0.0
genrbf,spam_rate_30,0.8782854175518103
em,spam_rate_30,0.7250557050464995
kpca,spam_rate_30,0.8267719397630175
ppca,spam_rate_30,0.710278289194165
mpk,spam_rate_30,0.9467476278147572
mean,spam_rate_40,0.8154760893169051
mice,spam_rate_40,0.8154760893169051
rbfn,spam_rate_40,0.0
genrbf,spam_rate_40,0.8782854175518103
em,spam_rate_40,0.7250557050464995
kpca,spam_rate_40,0.8267719397630175
ppca,spam_rate_40,0.710278289194165
mpk,spam_rate_40,0.9467476278147572
mean,spam_rate_50,0.8154760893169051
mice,spam_rate_50,0.8154760893169051
rbfn,spam_rate_50,0.0
genrbf,spam_rate_50,0.8782854175518103
em,spam_rate_50,0.7250557050464995
kpca,spam_rate_50,0.8267719397630175
ppca,spam_rate_50,0.710278289194165
mpk,spam_rate_50,0.9467476278147572
mean,spam_rate_60,0.8154760893169051
mice,spam_rate_60,0.8154760893169051
rbfn,spam_rate_60,0.0
genrbf,spam_rate_60,0.8782854175518103
em,spam_rate_60,0.7250557050464995
kpca,spam_rate_60,0.8267719397630175
ppca,spam_rate_60,0.710278289194165
mpk,spam_rate_60,0.9467476278147572
mean,spam_rate_70,0.8154760893169051
mice,spam_rate_70,0.8154760893169051
rbfn,spam_rate_70,0.0
genrbf,spam_rate_70,0.8782854175518103
em,spam_rate_70,0.7250557050464995
kpca,spam_rate_70,0.8267719397630175
ppca,spam_rate_70,0.710278289194165
mpk,spam_rate_70,0.9467476278147572
mean,spam_rate_80,0.8154760893169051
mice,spam_rate_80,0.8154760893169051
rbfn,spam_rate_80,0.0
genrbf,spam_rate_80,0.8782854175518103
em,spam_rate_80,0.7250557050464995
kpca,spam_rate_80,0.8267719397630175
ppca,spam_rate_80,0.710278289194165
mpk,spam_rate_80,0.9467476278147572
mean,wine_rate_5,0.92011784212708
mice,wine_rate_5,0.9284289690294308
rbfn,wine_rate_5,0.0004615384615384
genrbf,wine_rate_5,0.9781436608041688
em,wine_rate_5,0.9002613844969503
kpca,wine_rate_5,0.943359744181915
mpk,wine_rate_5,0.9929198791970156
mean,wine_rate_10,0.92011784212708
mice,wine_rate_10,0.9284289690294308
rbfn,wine_rate_10,0.0004615384615384
genrbf,wine_rate_10,0.9781436608041688
em,wine_rate_10,0.9002613844969503
kpca,wine_rate_10,0.943359744181915
mpk,wine_rate_10,0.9929198791970156
mean,wine_rate_20,0.92011784212708
mice,wine_rate_20,0.9284289690294308
rbfn,wine_rate_20,0.0004615384615384
genrbf,wine_rate_20,0.9781436608041688
em,wine_rate_20,0.9002613844969503
kpca,wine_rate_20,0.943359744181915
mpk,wine_rate_20,0.9929198791970156
mean,wine_rate_30,0.92011784212708
mice,wine_rate_30,0.9284289690294308
rbfn,wine_rate_30,0.0004615384615384
genrbf,wine_rate_30,0.9781436608041688
em,wine_rate_30,0.9002613844969503
kpca,wine_rate_30,0.943359744181915
mpk,wine_rate_30,0.9929198791970156
mean,wine_rate_40,0.92011784212708
mice,wine_rate_40,0.9284289690294308
rbfn,wine_rate_40,0.0004615384615384
genrbf,wine_rate_40,0.9781436608041688
em,wine_rate_40,0.9002613844969503
kpca,wine_rate_40,0.943359744181915
mpk,wine_rate_40,0.9929198791970156
mean,wine_rate_50,0.92011784212708
mice,wine_rate_50,0.9284289690294308
rbfn,wine_rate_50,0.0004615384615384
genrbf,wine_rate_50,0.9781436608041688
em,wine_rate_50,0.9002613844969503
kpca,wine_rate_50,0.943359744181915
mpk,wine_rate_50,0.9929198791970156
mean,wine_rate_60,0.92011784212708
mice,wine_rate_60,0.9284289690294308
rbfn,wine_rate_60,0.0004615384615384
genrbf,wine_rate_60,0.9781436608041688
em,wine_rate_60,0.9002613844969503
kpca,wine_rate_60,0.943359744181915
mpk,wine_rate_60,0.9929198791970156
mean,wine_rate_70,0.92011784212708
mice,wine_rate_70,0.9284289690294308
rbfn,wine_rate_70,0.0004615384615384
genrbf,wine_rate_70,0.9781436608041688
em,wine_rate_70,0.9002613844969503
kpca,wine_rate_70,0.943359744181915
mpk,wine_rate_70,0.9929198791970156
mean,wine_rate_80,0.92011784212708
mice,wine_rate_80,0.9284289690294308
rbfn,wine_rate_80,0.0004615384615384
genrbf,wine_rate_80,0.9781436608041688
em,wine_rate_80,0.9002613844969503
kpca,wine_rate_80,0.943359744181915
mpk,wine_rate_80,0.9929198791970156
mean,car_rate_5,0.9189846695149536
mice,car_rate_5,0.9189846695149536
rbfn,car_rate_5,0.0434078914300075
genrbf,car_rate_5,0.7002060819301332
em,car_rate_5,0.8987249727737288
kpca,car_rate_5,0.9357728072379996
ppca,car_rate_5,0.8628466113763927
mpk,car_rate_5,0.8663366004858843
mean,car_rate_10,0.9189846695149536
mice,car_rate_10,0.9189846695149536
rbfn,car_rate_10,0.0434078914300075
genrbf,car_rate_10,0.7002060819301332
em,car_rate_10,0.8987249727737288
kpca,car_rate_10,0.9357728072379996
ppca,car_rate_10,0.8628466113763927
mpk,car_rate_10,0.8663366004858843
mean,car_rate_20,0.9189846695149536
mice,car_rate_20,0.9189846695149536
rbfn,car_rate_20,0.0434078914300075
genrbf,car_rate_20,0.7002060819301332
em,car_rate_20,0.8987249727737288
kpca,car_rate_20,0.9357728072379996
ppca,car_rate_20,0.8628466113763927
mpk,car_rate_20,0.8663366004858843
mean,car_rate_30,0.9189846695149536
mice,car_rate_30,0.9189846695149536
rbfn,car_rate_30,0.0434078914300075
genrbf,car_rate_30,0.7002060819301332
em,car_rate_30,0.8987249727737288
kpca,car_rate_30,0.9357728072379996
ppca,car_rate_30,0.8628466113763927
mpk,car_rate_30,0.8663366004858843
mean,car_rate_40,0.9189846695149536
mice,car_rate_40,0.9189846695149536
rbfn,car_rate_40,0.0434078914300075
genrbf,car_rate_40,0.7002060819301332
em,car_rate_40,0.8987249727737288
kpca,car_rate_40,0.9357728072379996
ppca,car_rate_40,0.8628466113763927
mpk,car_rate_40,0.8663366004858843
mean,car_rate_50,0.9189846695149536
mice,car_rate_50,0.9189846695149536
rbfn,car_rate_50,0.0434078914300075
genrbf,car_rate_50,0.7002060819301332
em,car_rate_50,0.8987249727737288
kpca,car_rate_50,0.9357728072379996
ppca,car_rate_50,0.8628466113763927
mpk,car_rate_50,0.8663366004858843
mean,car_rate_60,0.9189846695149536
mice,car_rate_60,0.9189846695149536
rbfn,car_rate_60,0.0434078914300075
genrbf,car_rate_60,0.7002060819301332
em,car_rate_60,0.8987249727737288
kpca,car_rate_60,0.9357728072379996
ppca,car_rate_60,0.8628466113763927
mpk,car_rate_60,0.8663366004858843
mean,car_rate_70,0.9189846695149536
mice,car_rate_70,0.9189846695149536
rbfn,car_rate_70,0.0434078914300075
genrbf,car_rate_70,0.7002060819301332
em,car_rate_70,0.8987249727737288
kpca,car_rate_70,0.9357728072379996
ppca,car_rate_70,0.8628466113763927
mpk,car_rate_70,0.8663366004858843
mean,car_rate_80,0.9189846695149536
mice,car_rate_80,0.9189846695149536
rbfn,car_rate_80,0.0434078914300075
genrbf,car_rate_80,0.7002060819301332
em,car_rate_80,0.8987249727737288
kpca,car_rate_80,0.9357728072379996
ppca,car_rate_80,0.8628466113763927
mpk,car_rate_80,0.8663366004858843
mean,breast_rate_5,0.7027828191167573
mice,breast_rate_5,0.7027828191167573
rbfn,breast_rate_5,0.5699334543254688
genrbf,breast_rate_5,0.7026618269812462
em,breast_rate_5,0.7027828191167573
kpca,breast_rate_5,0.7131881427707198
ppca,breast_rate_5,0.7027828191167573
mpk,breast_rate_5,0.7169993950393225
mean,breast_rate_10,0.7027828191167573
mice,breast_rate_10,0.7027828191167573
rbfn,breast_rate_10,0.5699334543254688
genrbf,breast_rate_10,0.7026618269812462
em,breast_rate_10,0.7027828191167573
kpca,breast_rate_10,0.7131881427707198
ppca,breast_rate_10,0.7027828191167573
mpk,breast_rate_10,0.7169993950393225
mean,breast_rate_20,0.7027828191167573
mice,breast_rate_20,0.7027828191167573
rbfn,breast_rate_20,0.5699334543254688
genrbf,breast_rate_20,0.7026618269812462
em,breast_rate_20,0.7027828191167573
kpca,breast_rate_20,0.7131881427707198
ppca,breast_rate_20,0.7027828191167573
mpk,breast_rate_20,0.7169993950393225
mean,breast_rate_30,0.7027828191167573
mice,breast_rate_30,0.7027828191167573
rbfn,breast_rate_30,0.5699334543254688
genrbf,breast_rate_30,0.7026618269812462
em,breast_rate_30,0.7027828191167573
kpca,breast_rate_30,0.7131881427707198
ppca,breast_rate_30,0.7027828191167573
mpk,breast_rate_30,0.7169993950393225
mean,breast_rate_40,0.7027828191167573
mice,breast_rate_40,0.7027828191167573
rbfn,breast_rate_40,0.5699334543254688
genrbf,breast_rate_40,0.7026618269812462
em,breast_rate_40,0.7027828191167573
kpca,breast_rate_40,0.7131881427707198
ppca,breast_rate_40,0.7027828191167573
mpk,breast_rate_40,0.7169993950393225
mean,breast_rate_50,0.7027828191167573
mice,breast_rate_50,0.7027828191167573
rbfn,breast_rate_50,0.5699334543254688
genrbf,breast_rate_50,0.7026618269812462
em,breast_rate_50,0.7027828191167573
kpca,breast_rate_50,0.7131881427707198
ppca,breast_rate_50,0.7027828191167573
mpk,breast_rate_50,0.7169993950393225
mean,breast_rate_60,0.7027828191167573
mice,breast_rate_60,0.7027828191167573
rbfn,breast_rate_60,0.5699334543254688
genrbf,breast_rate_60,0.7026618269812462
em,breast_rate_60,0.7027828191167573
kpca,breast_rate_60,0.7131881427707198
ppca,breast_rate_60,0.7027828191167573
mpk,breast_rate_60,0.7169993950393225
mean,breast_rate_70,0.7027828191167573
mice,breast_rate_70,0.7027828191167573
rbfn,breast_rate_70,0.5699334543254688
genrbf,breast_rate_70,0.7026618269812462
em,breast_rate_70,0.7027828191167573
kpca,breast_rate_70,0.7131881427707198
ppca,breast_rate_70,0.7027828191167573
mpk,breast_rate_70,0.7169993950393225
mean,breast_rate_80,0.7027828191167573
mice,breast_rate_80,0.7027828191167573
rbfn,breast_rate_80,0.5699334543254688
genrbf,breast_rate_80,0.7026618269812462
em,breast_rate_80,0.7027828191167573
kpca,breast_rate_80,0.7131881427707198
ppca,breast_rate_80,0.7027828191167573
mpk,breast_rate_80,0.7169993950393225
mean,australian_rate_5,0.6666666666666667
mice,australian_rate_5,0.6608695652173913
rbfn,australian_rate_5,0.0014492753623188
genrbf,australian_rate_5,0.855072463768116
em,australian_rate_5,0.644927536231884
kpca,australian_rate_5,0.5565217391304348
ppca,australian_rate_5,0.636231884057971
mpk,australian_rate_5,0.8246376811594203
mean,australian_rate_10,0.6666666666666667
mice,australian_rate_10,0.6608695652173913
rbfn,australian_rate_10,0.0014492753623188
genrbf,australian_rate_10,0.855072463768116
em,australian_rate_10,0.644927536231884
kpca,australian_rate_10,0.5565217391304348
ppca,australian_rate_10,0.636231884057971
mpk,australian_rate_10,0.8246376811594203
mean,australian_rate_20,0.6666666666666667
mice,australian_rate_20,0.6608695652173913
rbfn,australian_rate_20,0.0014492753623188
genrbf,australian_rate_20,0.855072463768116
em,australian_rate_20,0.644927536231884
kpca,australian_rate_20,0.5565217391304348
ppca,australian_rate_20,0.636231884057971
mpk,australian_rate_20,0.8246376811594203
mean,australian_rate_30,0.6666666666666667
mice,australian_rate_30,0.6608695652173913
rbfn,australian_rate_30,0.0014492753623188
genrbf,australian_rate_30,0.855072463768116
em,australian_rate_30,0.644927536231884
kpca,australian_rate_30,0.5565217391304348
ppca,australian_rate_30,0.636231884057971
mpk,australian_rate_30,0.8246376811594203
mean,australian_rate_40,0.6666666666666667
mice,australian_rate_40,0.6608695652173913
rbfn,australian_rate_40,0.0014492753623188
genrbf,australian_rate_40,0.855072463768116
em,australian_rate_40,0.644927536231884
kpca,australian_rate_40,0.5565217391304348
ppca,australian_rate_40,0.636231884057971
mpk,australian_rate_40,0.8246376811594203
mean,australian_rate_50,0.6666666666666667
mice,australian_rate_50,0.6608695652173913
rbfn,australian_rate_50,0.0014492753623188
genrbf,australian_rate_50,0.855072463768116
em,australian_rate_50,0.644927536231884
kpca,australian_rate_50,0.5565217391304348
ppca,australian_rate_50,0.636231884057971
mpk,australian_rate_50,0.8246376811594203
mean,australian_rate_60,0.6666666666666667
mice,australian_rate_60,0.6608695652173913
rbfn,australian_rate_60,0.0014492753623188
genrbf,australian_rate_60,0.855072463768116
em,australian_rate_60,0.644927536231884
kpca,australian_rate_60,0.5565217391304348
ppca,australian_rate_60,0.636231884057971
mpk,australian_rate_60,0.8246376811594203
mean,australian_rate_70,0.6666666666666667
mice,australian_rate_70,0.6608695652173913
rbfn,australian_rate_70,0.0014492753623188
genrbf,australian_rate_70,0.855072463768116
em,australian_rate_70,0.644927536231884
kpca,australian_rate_70,0.5565217391304348
ppca,australian_rate_70,0.636231884057971
mpk,australian_rate_70,0.8246376811594203
mean,australian_rate_80,0.6666666666666667
mice,australian_rate_80,0.6608695652173913
rbfn,australian_rate_80,0.0014492753623188
genrbf,australian_rate_80,0.855072463768116
em,australian_rate_80,0.644927536231884
kpca,australian_rate_80,0.5565217391304348
ppca,australian_rate_80,0.636231884057971
mpk,australian_rate_80,0.8246376811594203
mean,heart_rate_5,0.5412568306010929
mice,heart_rate_5,0.5412568306010929
rbfn,heart_rate_5,0.0
genrbf,heart_rate_5,0.541256830601093
em,heart_rate_5,0.5412568306010929
kpca,heart_rate_5,0.5412568306010929
ppca,heart_rate_5,0.5412568306010929
mpk,heart_rate_5,0.5808743169398907
mean,heart_rate_10,0.5412568306010929
mice,heart_rate_10,0.5412568306010929
rbfn,heart_rate_10,0.0
genrbf,heart_rate_10,0.541256830601093
em,heart_rate_10,0.5412568306010929
kpca,heart_rate_10,0.5412568306010929
ppca,heart_rate_10,0.5412568306010929
mpk,heart_rate_10,0.5808743169398907
mean,heart_rate_20,0.5412568306010929
mice,heart_rate_20,0.5412568306010929
rbfn,heart_rate_20,0.0
genrbf,heart_rate_20,0.541256830601093
em,heart_rate_20,0.5412568306010929
kpca,heart_rate_20,0.5412568306010929
ppca,heart_rate_20,0.5412568306010929
mpk,heart_rate_20,0.5808743169398907
mean,heart_rate_30,0.5412568306010929
mice,heart_rate_30,0.5412568306010929
rbfn,heart_rate_30,0.0
genrbf,heart_rate_30,0.541256830601093
em,heart_rate_30,0.5412568306010929
kpca,heart_rate_30,0.5412568306010929
ppca,heart_rate_30,0.5412568306010929
mpk,heart_rate_30,0.5808743169398907
mean,heart_rate_40,0.5412568306010929
mice,heart_rate_40,0.5412568306010929
rbfn,heart_rate_40,0.0
genrbf,heart_rate_40,0.541256830601093
em,heart_rate_40,0.5412568306010929
kpca,heart_rate_40,0.5412568306010929
ppca,heart_rate_40,0.5412568306010929
mpk,heart_rate_40,0.5808743169398907
mean,heart_rate_50,0.5412568306010929
mice,heart_rate_50,0.5412568306010929
rbfn,heart_rate_50,0.0
genrbf,heart_rate_50,0.541256830601093
em,heart_rate_50,0.5412568306010929
kpca,heart_rate_50,0.5412568306010929
ppca,heart_rate_50,0.5412568306010929
mpk,heart_rate_50,0.5808743169398907
mean,heart_rate_60,0.5412568306010929
mice,heart_rate_60,0.5412568306010929
rbfn,heart_rate_60,0.0
genrbf,heart_rate_60,0.541256830601093
em,heart_rate_60,0.5412568306010929
kpca,heart_rate_60,0.5412568306010929
ppca,heart_rate_60,0.5412568306010929
mpk,heart_rate_60,0.5808743169398907
mean,heart_rate_70,0.5412568306010929
mice,heart_rate_70,0.5412568306010929
rbfn,heart_rate_70,0.0
genrbf,heart_rate_70,0.541256830601093
em,heart_rate_70,0.5412568306010929
kpca,heart_rate_70,0.5412568306010929
ppca,heart_rate_70,0.5412568306010929
mpk,heart_rate_70,0.5808743169398907
mean,heart_rate_80,0.5412568306010929
mice,heart_rate_80,0.5412568306010929
rbfn,heart_rate_80,0.0
genrbf,heart_rate_80,0.541256830601093
em,heart_rate_80,0.5412568306010929
kpca,heart_rate_80,0.5412568306010929
ppca,heart_rate_80,0.5412568306010929
mpk,heart_rate_80,0.5808743169398907
mean,adult_rate_5,0.5282134107883929
mice,adult_rate_5,0.5287457340738128
genrbf,adult_rate_5,0.4692477726053322
em,adult_rate_5,0.5094262295081967
kpca,adult_rate_5,0.5061475409836065
ppca,adult_rate_5,0.5286843194919764
mpk,adult_rate_5,0.5495901639344263
mean,adult_rate_10,0.5282134107883929
mice,adult_rate_10,0.5287457340738128
genrbf,adult_rate_10,0.4692477726053322
em,adult_rate_10,0.5094262295081967
kpca,adult_rate_10,0.5061475409836065
ppca,adult_rate_10,0.5286843194919764
mpk,adult_rate_10,0.5495901639344263
mean,adult_rate_20,0.5282134107883929
mice,adult_rate_20,0.5287457340738128
genrbf,adult_rate_20,0.4692477726053322
em,adult_rate_20,0.5094262295081967
kpca,adult_rate_20,0.5061475409836065
ppca,adult_rate_20,0.5286843194919764
mpk,adult_rate_20,0.5495901639344263
mean,adult_rate_30,0.5282134107883929
mice,adult_rate_30,0.5287457340738128
genrbf,adult_rate_30,0.4692477726053322
em,adult_rate_30,0.5094262295081967
kpca,adult_rate_30,0.5061475409836065
ppca,adult_rate_30,0.5286843194919764
mpk,adult_rate_30,0.5495901639344263
mean,adult_rate_40,0.5282134107883929
mice,adult_rate_40,0.5287457340738128
genrbf,adult_rate_40,0.4692477726053322
em,adult_rate_40,0.5094262295081967
kpca,adult_rate_40,0.5061475409836065
ppca,adult_rate_40,0.5286843194919764
mpk,adult_rate_40,0.5495901639344263
mean,adult_rate_50,0.5282134107883929
mice,adult_rate_50,0.5287457340738128
genrbf,adult_rate_50,0.4692477726053322
em,adult_rate_50,0.5094262295081967
kpca,adult_rate_50,0.5061475409836065
ppca,adult_rate_50,0.5286843194919764
mpk,adult_rate_50,0.5495901639344263
mean,adult_rate_60,0.5282134107883929
mice,adult_rate_60,0.5287457340738128
genrbf,adult_rate_60,0.4692477726053322
em,adult_rate_60,0.5094262295081967
kpca,adult_rate_60,0.5061475409836065
ppca,adult_rate_60,0.5286843194919764
mpk,adult_rate_60,0.5495901639344263
mean,adult_rate_70,0.5282134107883929
mice,adult_rate_70,0.5287457340738128
genrbf,adult_rate_70,0.4692477726053322
em,adult_rate_70,0.5094262295081967
kpca,adult_rate_70,0.5061475409836065
ppca,adult_rate_70,0.5286843194919764
mpk,adult_rate_70,0.5495901639344263
mean,adult_rate_80,0.5282134107883929
mice,adult_rate_80,0.5287457340738128
genrbf,adult_rate_80,0.4692477726053322
em,adult_rate_80,0.5094262295081967
kpca,adult_rate_80,0.5061475409836065
ppca,adult_rate_80,0.5286843194919764
mpk,adult_rate_80,0.5495901639344263
mean,student_rate_5,0.5332140727489565
mice,student_rate_5,0.5255217650566488
rbfn,student_rate_5,0.0015384615384615
genrbf,student_rate_5,0.5470005963029219
em,student_rate_5,0.4159809183064997
kpca,student_rate_5,0.5592844364937388
ppca,student_rate_5,0.5607990459153249
mpk,student_rate_5,0.5901252236135958
mean,student_rate_10,0.5332140727489565
mice,student_rate_10,0.5255217650566488
rbfn,student_rate_10,0.0015384615384615
genrbf,student_rate_10,0.5470005963029219
em,student_rate_10,0.4159809183064997
kpca,student_rate_10,0.5592844364937388
ppca,student_rate_10,0.5607990459153249
mpk,student_rate_10,0.5901252236135958
mean,student_rate_20,0.5332140727489565
mice,student_rate_20,0.5255217650566488
rbfn,student_rate_20,0.0015384615384615
genrbf,student_rate_20,0.5470005963029219
em,student_rate_20,0.4159809183064997
kpca,student_rate_20,0.5592844364937388
ppca,student_rate_20,0.5607990459153249
mpk,student_rate_20,0.5901252236135958
mean,student_rate_30,0.5332140727489565
mice,student_rate_30,0.5255217650566488
rbfn,student_rate_30,0.0015384615384615
genrbf,student_rate_30,0.5470005963029219
em,student_rate_30,0.4159809183064997
kpca,student_rate_30,0.5592844364937388
ppca,student_rate_30,0.5607990459153249
mpk,student_rate_30,0.5901252236135958
mean,student_rate_40,0.5332140727489565
mice,student_rate_40,0.5255217650566488
rbfn,student_rate_40,0.0015384615384615
genrbf,student_rate_40,0.5470005963029219
em,student_rate_40,0.4159809183064997
kpca,student_rate_40,0.5592844364937388
ppca,student_rate_40,0.5607990459153249
mpk,student_rate_40,0.5901252236135958
mean,student_rate_50,0.5332140727489565
mice,student_rate_50,0.5255217650566488
rbfn,student_rate_50,0.0015384615384615
genrbf,student_rate_50,0.5470005963029219
em,student_rate_50,0.4159809183064997
kpca,student_rate_50,0.5592844364937388
ppca,student_rate_50,0.5607990459153249
mpk,student_rate_50,0.5901252236135958
mean,student_rate_60,0.5332140727489565
mice,student_rate_60,0.5255217650566488
rbfn,student_rate_60,0.0015384615384615
genrbf,student_rate_60,0.5470005963029219
em,student_rate_60,0.4159809183064997
kpca,student_rate_60,0.5592844364937388
ppca,student_rate_60,0.5607990459153249
mpk,student_rate_60,0.5901252236135958
mean,student_rate_70,0.5332140727489565
mice,student_rate_70,0.5255217650566488
rbfn,student_rate_70,0.0015384615384615
genrbf,student_rate_70,0.5470005963029219
em,student_rate_70,0.4159809183064997
kpca,student_rate_70,0.5592844364937388
ppca,student_rate_70,0.5607990459153249
mpk,student_rate_70,0.5901252236135958
mean,student_rate_80,0.5332140727489565
mice,student_rate_80,0.5255217650566488
rbfn,student_rate_80,0.0015384615384615
genrbf,student_rate_80,0.5470005963029219
em,student_rate_80,0.4159809183064997
kpca,student_rate_80,0.5592844364937388
ppca,student_rate_80,0.5607990459153249
mpk,student_rate_80,0.5901252236135958
mean,banknote_rate_5,0.9482574651625748
mice,banknote_rate_5,0.9664790975447912
rbfn,banknote_rate_5,0.524806901128069
genrbf,banknote_rate_5,0.9424233576642336
em,banknote_rate_5,0.9635620437956204
kpca,banknote_rate_5,0.9832302587923026
ppca,banknote_rate_5,0.9555248838752488
mpk,banknote_rate_5,0.9686635700066356
mean,banknote_rate_10,0.9482574651625748
mice,banknote_rate_10,0.9664790975447912
rbfn,banknote_rate_10,0.524806901128069
genrbf,banknote_rate_10,0.9424233576642336
em,banknote_rate_10,0.9635620437956204
kpca,banknote_rate_10,0.9832302587923026
ppca,banknote_rate_10,0.9555248838752488
mpk,banknote_rate_10,0.9686635700066356
mean,banknote_rate_20,0.9482574651625748
mice,banknote_rate_20,0.9664790975447912
rbfn,banknote_rate_20,0.524806901128069
genrbf,banknote_rate_20,0.9424233576642336
em,banknote_rate_20,0.9635620437956204
kpca,banknote_rate_20,0.9832302587923026
ppca,banknote_rate_20,0.9555248838752488
mpk,banknote_rate_20,0.9686635700066356
mean,banknote_rate_30,0.9482574651625748
mice,banknote_rate_30,0.9664790975447912
rbfn,banknote_rate_30,0.524806901128069
genrbf,banknote_rate_30,0.9424233576642336
em,banknote_rate_30,0.9635620437956204
kpca,banknote_rate_30,0.9832302587923026
ppca,banknote_rate_30,0.9555248838752488
mpk,banknote_rate_30,0.9686635700066356
mean,banknote_rate_40,0.9482574651625748
mice,banknote_rate_40,0.9664790975447912
rbfn,banknote_rate_40,0.524806901128069
genrbf,banknote_rate_40,0.9424233576642336
em,banknote_rate_40,0.9635620437956204
kpca,banknote_rate_40,0.9832302587923026
ppca,banknote_rate_40,0.9555248838752488
mpk,banknote_rate_40,0.9686635700066356
mean,banknote_rate_50,0.9482574651625748
mice,banknote_rate_50,0.9664790975447912
rbfn,banknote_rate_50,0.524806901128069
genrbf,banknote_rate_50,0.9424233576642336
em,banknote_rate_50,0.9635620437956204
kpca,banknote_rate_50,0.9832302587923026
ppca,banknote_rate_50,0.9555248838752488
mpk,banknote_rate_50,0.9686635700066356
mean,banknote_rate_60,0.9482574651625748
mice,banknote_rate_60,0.9664790975447912
rbfn,banknote_rate_60,0.524806901128069
genrbf,banknote_rate_60,0.9424233576642336
em,banknote_rate_60,0.9635620437956204
kpca,banknote_rate_60,0.9832302587923026
ppca,banknote_rate_60,0.9555248838752488
mpk,banknote_rate_60,0.9686635700066356
mean,banknote_rate_70,0.9482574651625748
mice,banknote_rate_70,0.9664790975447912
rbfn,banknote_rate_70,0.524806901128069
genrbf,banknote_rate_70,0.9424233576642336
em,banknote_rate_70,0.9635620437956204
kpca,banknote_rate_70,0.9832302587923026
ppca,banknote_rate_70,0.9555248838752488
mpk,banknote_rate_70,0.9686635700066356
mean,banknote_rate_80,0.9482574651625748
mice,banknote_rate_80,0.9664790975447912
rbfn,banknote_rate_80,0.524806901128069
genrbf,banknote_rate_80,0.9424233576642336
em,banknote_rate_80,0.9635620437956204
kpca,banknote_rate_80,0.9832302587923026
ppca,banknote_rate_80,0.9555248838752488
mpk,banknote_rate_80,0.9686635700066356
mean,sonar_rate_5,0.7837398373983738
mice,sonar_rate_5,0.7882694541231127
rbfn,sonar_rate_5,0.2022067363530778
genrbf,sonar_rate_5,0.5346109175377468
em,sonar_rate_5,0.783623693379791
kpca,sonar_rate_5,0.8173054587688734
ppca,sonar_rate_5,0.759465737514518
mpk,sonar_rate_5,0.7979094076655052
mean,sonar_rate_10,0.7837398373983738
mice,sonar_rate_10,0.7882694541231127
rbfn,sonar_rate_10,0.2022067363530778
genrbf,sonar_rate_10,0.5346109175377468
em,sonar_rate_10,0.783623693379791
kpca,sonar_rate_10,0.8173054587688734
ppca,sonar_rate_10,0.759465737514518
mpk,sonar_rate_10,0.7979094076655052
mean,sonar_rate_20,0.7837398373983738
mice,sonar_rate_20,0.7882694541231127
rbfn,sonar_rate_20,0.2022067363530778
genrbf,sonar_rate_20,0.5346109175377468
em,sonar_rate_20,0.783623693379791
kpca,sonar_rate_20,0.8173054587688734
ppca,sonar_rate_20,0.759465737514518
mpk,sonar_rate_20,0.7979094076655052
mean,sonar_rate_30,0.7837398373983738
mice,sonar_rate_30,0.7882694541231127
rbfn,sonar_rate_30,0.2022067363530778
genrbf,sonar_rate_30,0.5346109175377468
em,sonar_rate_30,0.783623693379791
kpca,sonar_rate_30,0.8173054587688734
ppca,sonar_rate_30,0.759465737514518
mpk,sonar_rate_30,0.7979094076655052
mean,sonar_rate_40,0.7837398373983738
mice,sonar_rate_40,0.7882694541231127
rbfn,sonar_rate_40,0.2022067363530778
genrbf,sonar_rate_40,0.5346109175377468
em,sonar_rate_40,0.783623693379791
kpca,sonar_rate_40,0.8173054587688734
ppca,sonar_rate_40,0.759465737514518
mpk,sonar_rate_40,0.7979094076655052
mean,sonar_rate_50,0.7837398373983738
mice,sonar_rate_50,0.7882694541231127
rbfn,sonar_rate_50,0.2022067363530778
genrbf,sonar_rate_50,0.5346109175377468
em,sonar_rate_50,0.783623693379791
kpca,sonar_rate_50,0.8173054587688734
ppca,sonar_rate_50,0.759465737514518
mpk,sonar_rate_50,0.7979094076655052
mean,sonar_rate_60,0.7837398373983738
mice,sonar_rate_60,0.7882694541231127
rbfn,sonar_rate_60,0.2022067363530778
genrbf,sonar_rate_60,0.5346109175377468
em,sonar_rate_60,0.783623693379791
kpca,sonar_rate_60,0.8173054587688734
ppca,sonar_rate_60,0.759465737514518
mpk,sonar_rate_60,0.7979094076655052
mean,sonar_rate_70,0.7837398373983738
mice,sonar_rate_70,0.7882694541231127
rbfn,sonar_rate_70,0.2022067363530778
genrbf,sonar_rate_70,0.5346109175377468
em,sonar_rate_70,0.783623693379791
kpca,sonar_rate_70,0.8173054587688734
ppca,sonar_rate_70,0.759465737514518
mpk,sonar_rate_70,0.7979094076655052
mean,sonar_rate_80,0.7837398373983738
mice,sonar_rate_80,0.7882694541231127
rbfn,sonar_rate_80,0.2022067363530778
genrbf,sonar_rate_80,0.5346109175377468
em,sonar_rate_80,0.783623693379791
kpca,sonar_rate_80,0.8173054587688734
ppca,sonar_rate_80,0.759465737514518
mpk,sonar_rate_80,0.7979094076655052
mean,spam_rate_5,0.8011303875749421
mice,spam_rate_5,0.8043891327951659
rbfn,spam_rate_5,0.0
genrbf,spam_rate_5,0.876330076004343
em,spam_rate_5,0.6894146249350894
kpca,spam_rate_5,0.8041674928008309
ppca,spam_rate_5,0.7024538545059718
mpk,spam_rate_5,0.9371842987301138
mean,spam_rate_10,0.8011303875749421
mice,spam_rate_10,0.8043891327951659
rbfn,spam_rate_10,0.0
genrbf,spam_rate_10,0.876330076004343
em,spam_rate_10,0.6894146249350894
kpca,spam_rate_10,0.8041674928008309
ppca,spam_rate_10,0.7024538545059718
mpk,spam_rate_10,0.9371842987301138
mean,spam_rate_20,0.8011303875749421
mice,spam_rate_20,0.8043891327951659
rbfn,spam_rate_20,0.0
genrbf,spam_rate_20,0.876330076004343
em,spam_rate_20,0.6894146249350894
kpca,spam_rate_20,0.8041674928008309
ppca,spam_rate_20,0.7024538545059718
mpk,spam_rate_20,0.9371842987301138
mean,spam_rate_30,0.8011303875749421
mice,spam_rate_30,0.8043891327951659
rbfn,spam_rate_30,0.0
genrbf,spam_rate_30,0.876330076004343
em,spam_rate_30,0.6894146249350894
kpca,spam_rate_30,0.8041674928008309
ppca,spam_rate_30,0.7024538545059718
mpk,spam_rate_30,0.9371842987301138
mean,spam_rate_40,0.8011303875749421
mice,spam_rate_40,0.8043891327951659
rbfn,spam_rate_40,0.0
genrbf,spam_rate_40,0.876330076004343
em,spam_rate_40,0.6894146249350894
kpca,spam_rate_40,0.8041674928008309
ppca,spam_rate_40,0.7024538545059718
mpk,spam_rate_40,0.9371842987301138
mean,spam_rate_50,0.8011303875749421
mice,spam_rate_50,0.8043891327951659
rbfn,spam_rate_50,0.0
genrbf,spam_rate_50,0.876330076004343
em,spam_rate_50,0.6894146249350894
kpca,spam_rate_50,0.8041674928008309
ppca,spam_rate_50,0.7024538545059718
mpk,spam_rate_50,0.9371842987301138
mean,spam_rate_60,0.8011303875749421
mice,spam_rate_60,0.8043891327951659
rbfn,spam_rate_60,0.0
genrbf,spam_rate_60,0.876330076004343
em,spam_rate_60,0.6894146249350894
kpca,spam_rate_60,0.8041674928008309
ppca,spam_rate_60,0.7024538545059718
mpk,spam_rate_60,0.9371842987301138
mean,spam_rate_70,0.8011303875749421
mice,spam_rate_70,0.8043891327951659
rbfn,spam_rate_70,0.0
genrbf,spam_rate_70,0.876330076004343
em,spam_rate_70,0.6894146249350894
kpca,spam_rate_70,0.8041674928008309
ppca,spam_rate_70,0.7024538545059718
mpk,spam_rate_70,0.9371842987301138
mean,spam_rate_80,0.8011303875749421
mice,spam_rate_80,0.8043891327951659
rbfn,spam_rate_80,0.0
genrbf,spam_rate_80,0.876330076004343
em,spam_rate_80,0.6894146249350894
kpca,spam_rate_80,0.8041674928008309
ppca,spam_rate_80,0.7024538545059718
mpk,spam_rate_80,0.9371842987301138
mean,wine_rate_5,0.926890625925268
mice,wine_rate_5,0.936895600165808
rbfn,wine_rate_5,0.0
genrbf,wine_rate_5,0.987070290756203
em,wine_rate_5,0.9156538165452714
kpca,wine_rate_5,0.9453583229703324
mpk,wine_rate_5,0.9939965654053412
mean,wine_rate_10,0.926890625925268
mice,wine_rate_10,0.936895600165808
rbfn,wine_rate_10,0.0
genrbf,wine_rate_10,0.987070290756203
em,wine_rate_10,0.9156538165452714
kpca,wine_rate_10,0.9453583229703324
mpk,wine_rate_10,0.9939965654053412
mean,wine_rate_20,0.926890625925268
mice,wine_rate_20,0.936895600165808
rbfn,wine_rate_20,0.0
genrbf,wine_rate_20,0.987070290756203
em,wine_rate_20,0.9156538165452714
kpca,wine_rate_20,0.9453583229703324
mpk,wine_rate_20,0.9939965654053412
mean,wine_rate_30,0.926890625925268
mice,wine_rate_30,0.936895600165808
rbfn,wine_rate_30,0.0
genrbf,wine_rate_30,0.987070290756203
em,wine_rate_30,0.9156538165452714
kpca,wine_rate_30,0.9453583229703324
mpk,wine_rate_30,0.9939965654053412
mean,wine_rate_40,0.926890625925268
mice,wine_rate_40,0.936895600165808
rbfn,wine_rate_40,0.0
genrbf,wine_rate_40,0.987070290756203
em,wine_rate_40,0.9156538165452714
kpca,wine_rate_40,0.9453583229703324
mpk,wine_rate_40,0.9939965654053412
mean,wine_rate_50,0.926890625925268
mice,wine_rate_50,0.936895600165808
rbfn,wine_rate_50,0.0
genrbf,wine_rate_50,0.987070290756203
em,wine_rate_50,0.9156538165452714
kpca,wine_rate_50,0.9453583229703324
mpk,wine_rate_50,0.9939965654053412
mean,wine_rate_60,0.926890625925268
mice,wine_rate_60,0.936895600165808
rbfn,wine_rate_60,0.0
genrbf,wine_rate_60,0.987070290756203
em,wine_rate_60,0.9156538165452714
kpca,wine_rate_60,0.9453583229703324
mpk,wine_rate_60,0.9939965654053412
mean,wine_rate_70,0.926890625925268
mice,wine_rate_70,0.936895600165808
rbfn,wine_rate_70,0.0
genrbf,wine_rate_70,0.987070290756203
em,wine_rate_70,0.9156538165452714
kpca,wine_rate_70,0.9453583229703324
mpk,wine_rate_70,0.9939965654053412
mean,wine_rate_80,0.926890625925268
mice,wine_rate_80,0.936895600165808
rbfn,wine_rate_80,0.0
genrbf,wine_rate_80,0.987070290756203
em,wine_rate_80,0.9156538165452714
kpca,wine_rate_80,0.9453583229703324
mpk,wine_rate_80,0.9939965654053412
mean,car_rate_5,0.9195627041970345
mice,car_rate_5,0.9195627041970345
rbfn,car_rate_5,0.04282818128508
genrbf,car_rate_5,0.7002328893356791
em,car_rate_5,0.911446762168049
kpca,car_rate_5,0.9369154728993884
ppca,car_rate_5,0.8674625115188072
mpk,car_rate_5,0.875576778084946
mean,car_rate_10,0.9195627041970345
mice,car_rate_10,0.9195627041970345
rbfn,car_rate_10,0.04282818128508
genrbf,car_rate_10,0.7002328893356791
em,car_rate_10,0.911446762168049
kpca,car_rate_10,0.9369154728993884
ppca,car_rate_10,0.8674625115188072
mpk,car_rate_10,0.875576778084946
mean,car_rate_20,0.9195627041970345
mice,car_rate_20,0.9195627041970345
rbfn,car_rate_20,0.04282818128508
genrbf,car_rate_20,0.7002328893356791
em,car_rate_20,0.911446762168049
kpca,car_rate_20,0.9369154728993884
ppca,car_rate_20,0.8674625115188072
mpk,car_rate_20,0.875576778084946
mean,car_rate_30,0.9195627041970345
mice,car_rate_30,0.9195627041970345
rbfn,car_rate_30,0.04282818128508
genrbf,car_rate_30,0.7002328893356791
em,car_rate_30,0.911446762168049
kpca,car_rate_30,0.9369154728993884
ppca,car_rate_30,0.8674625115188072
mpk,car_rate_30,0.875576778084946
mean,car_rate_40,0.9195627041970345
mice,car_rate_40,0.9195627041970345
rbfn,car_rate_40,0.04282818128508
genrbf,car_rate_40,0.7002328893356791
em,car_rate_40,0.911446762168049
kpca,car_rate_40,0.9369154728993884
ppca,car_rate_40,0.8674625115188072
mpk,car_rate_40,0.875576778084946
mean,car_rate_50,0.9195627041970345
mice,car_rate_50,0.9195627041970345
rbfn,car_rate_50,0.04282818128508
genrbf,car_rate_50,0.7002328893356791
em,car_rate_50,0.911446762168049
kpca,car_rate_50,0.9369154728993884
ppca,car_rate_50,0.8674625115188072
mpk,car_rate_50,0.875576778084946
mean,car_rate_60,0.9195627041970345
mice,car_rate_60,0.9195627041970345
rbfn,car_rate_60,0.04282818128508
genrbf,car_rate_60,0.7002328893356791
em,car_rate_60,0.911446762168049
kpca,car_rate_60,0.9369154728993884
ppca,car_rate_60,0.8674625115188072
mpk,car_rate_60,0.875576778084946
mean,car_rate_70,0.9195627041970345
mice,car_rate_70,0.9195627041970345
rbfn,car_rate_70,0.04282818128508
genrbf,car_rate_70,0.7002328893356791
em,car_rate_70,0.911446762168049
kpca,car_rate_70,0.9369154728993884
ppca,car_rate_70,0.8674625115188072
mpk,car_rate_70,0.875576778084946
mean,car_rate_80,0.9195627041970345
mice,car_rate_80,0.9195627041970345
rbfn,car_rate_80,0.04282818128508
genrbf,car_rate_80,0.7002328893356791
em,car_rate_80,0.911446762168049
kpca,car_rate_80,0.9369154728993884
ppca,car_rate_80,0.8674625115188072
mpk,car_rate_80,0.875576778084946
mean,breast_rate_5,0.7027828191167573
mice,breast_rate_5,0.7027828191167573
rbfn,breast_rate_5,0.5624319419237749
genrbf,breast_rate_5,0.7027828191167573
em,breast_rate_5,0.7027828191167573
kpca,breast_rate_5,0.720205686630369
ppca,breast_rate_5,0.7167574107683
mpk,breast_rate_5,0.6889897156684816
mean,breast_rate_10,0.7027828191167573
mice,breast_rate_10,0.7027828191167573
rbfn,breast_rate_10,0.5624319419237749
genrbf,breast_rate_10,0.7027828191167573
em,breast_rate_10,0.7027828191167573
kpca,breast_rate_10,0.720205686630369
ppca,breast_rate_10,0.7167574107683
mpk,breast_rate_10,0.6889897156684816
mean,breast_rate_20,0.7027828191167573
mice,breast_rate_20,0.7027828191167573
rbfn,breast_rate_20,0.5624319419237749
genrbf,breast_rate_20,0.7027828191167573
em,breast_rate_20,0.7027828191167573
kpca,breast_rate_20,0.720205686630369
ppca,breast_rate_20,0.7167574107683
mpk,breast_rate_20,0.6889897156684816
mean,breast_rate_30,0.7027828191167573
mice,breast_rate_30,0.7027828191167573
rbfn,breast_rate_30,0.5624319419237749
genrbf,breast_rate_30,0.7027828191167573
em,breast_rate_30,0.7027828191167573
kpca,breast_rate_30,0.720205686630369
ppca,breast_rate_30,0.7167574107683
mpk,breast_rate_30,0.6889897156684816
mean,breast_rate_40,0.7027828191167573
mice,breast_rate_40,0.7027828191167573
rbfn,breast_rate_40,0.5624319419237749
genrbf,breast_rate_40,0.7027828191167573
em,breast_rate_40,0.7027828191167573
kpca,breast_rate_40,0.720205686630369
ppca,breast_rate_40,0.7167574107683
mpk,breast_rate_40,0.6889897156684816
mean,breast_rate_50,0.7027828191167573
mice,breast_rate_50,0.7027828191167573
rbfn,breast_rate_50,0.5624319419237749
genrbf,breast_rate_50,0.7027828191167573
em,breast_rate_50,0.7027828191167573
kpca,breast_rate_50,0.720205686630369
ppca,breast_rate_50,0.7167574107683
mpk,breast_rate_50,0.6889897156684816
mean,breast_rate_60,0.7027828191167573
mice,breast_rate_60,0.7027828191167573
rbfn,breast_rate_60,0.5624319419237749
genrbf,breast_rate_60,0.7027828191167573
em,breast_rate_60,0.7027828191167573
kpca,breast_rate_60,0.720205686630369
ppca,breast_rate_60,0.7167574107683
mpk,breast_rate_60,0.6889897156684816
mean,breast_rate_70,0.7027828191167573
mice,breast_rate_70,0.7027828191167573
rbfn,breast_rate_70,0.5624319419237749
genrbf,breast_rate_70,0.7027828191167573
em,breast_rate_70,0.7027828191167573
kpca,breast_rate_70,0.720205686630369
ppca,breast_rate_70,0.7167574107683
mpk,breast_rate_70,0.6889897156684816
mean,breast_rate_80,0.7027828191167573
mice,breast_rate_80,0.7027828191167573
rbfn,breast_rate_80,0.5624319419237749
genrbf,breast_rate_80,0.7027828191167573
em,breast_rate_80,0.7027828191167573
kpca,breast_rate_80,0.720205686630369
ppca,breast_rate_80,0.7167574107683
mpk,breast_rate_80,0.6889897156684816
mean,australian_rate_5,0.6304347826086957
mice,australian_rate_5,0.6333333333333334
rbfn,australian_rate_5,0.0
genrbf,australian_rate_5,0.4884057971014493
em,australian_rate_5,0.6376811594202898
kpca,australian_rate_5,0.5492753623188407
ppca,australian_rate_5,0.6318840579710144
mpk,australian_rate_5,0.8666666666666668
mean,australian_rate_10,0.6304347826086957
mice,australian_rate_10,0.6333333333333334
rbfn,australian_rate_10,0.0
genrbf,australian_rate_10,0.4884057971014493
em,australian_rate_10,0.6376811594202898
kpca,australian_rate_10,0.5492753623188407
ppca,australian_rate_10,0.6318840579710144
mpk,australian_rate_10,0.8666666666666668
mean,australian_rate_20,0.6304347826086957
mice,australian_rate_20,0.6333333333333334
rbfn,australian_rate_20,0.0
genrbf,australian_rate_20,0.4884057971014493
em,australian_rate_20,0.6376811594202898
kpca,australian_rate_20,0.5492753623188407
ppca,australian_rate_20,0.6318840579710144
mpk,australian_rate_20,0.8666666666666668
mean,australian_rate_30,0.6304347826086957
mice,australian_rate_30,0.6333333333333334
rbfn,australian_rate_30,0.0
genrbf,australian_rate_30,0.4884057971014493
em,australian_rate_30,0.6376811594202898
kpca,australian_rate_30,0.5492753623188407
ppca,australian_rate_30,0.6318840579710144
mpk,australian_rate_30,0.8666666666666668
mean,australian_rate_40,0.6304347826086957
mice,australian_rate_40,0.6333333333333334
rbfn,australian_rate_40,0.0
genrbf,australian_rate_40,0.4884057971014493
em,australian_rate_40,0.6376811594202898
kpca,australian_rate_40,0.5492753623188407
ppca,australian_rate_40,0.6318840579710144
mpk,australian_rate_40,0.8666666666666668
mean,australian_rate_50,0.6304347826086957
mice,australian_rate_50,0.6333333333333334
rbfn,australian_rate_50,0.0
genrbf,australian_rate_50,0.4884057971014493
em,australian_rate_50,0.6376811594202898
kpca,australian_rate_50,0.5492753623188407
ppca,australian_rate_50,0.6318840579710144
mpk,australian_rate_50,0.8666666666666668
mean,australian_rate_60,0.6304347826086957
mice,australian_rate_60,0.6333333333333334
rbfn,australian_rate_60,0.0
genrbf,australian_rate_60,0.4884057971014493
em,australian_rate_60,0.6376811594202898
kpca,australian_rate_60,0.5492753623188407
ppca,australian_rate_60,0.6318840579710144
mpk,australian_rate_60,0.8666666666666668
mean,australian_rate_70,0.6304347826086957
mice,australian_rate_70,0.6333333333333334
rbfn,australian_rate_70,0.0
genrbf,australian_rate_70,0.4884057971014493
em,australian_rate_70,0.6376811594202898
kpca,australian_rate_70,0.5492753623188407
ppca,australian_rate_70,0.6318840579710144
mpk,australian_rate_70,0.8666666666666668
mean,australian_rate_80,0.6304347826086957
mice,australian_rate_80,0.6333333333333334
rbfn,australian_rate_80,0.0
genrbf,australian_rate_80,0.4884057971014493
em,australian_rate_80,0.6376811594202898
kpca,australian_rate_80,0.5492753623188407
ppca,australian_rate_80,0.6318840579710144
mpk,australian_rate_80,0.8666666666666668
mean,heart_rate_5,0.5412568306010929
mice,heart_rate_5,0.5412568306010929
rbfn,heart_rate_5,0.0
genrbf,heart_rate_5,0.5412568306010929
em,heart_rate_5,0.5412568306010929
kpca,heart_rate_5,0.5412568306010929
ppca,heart_rate_5,0.5412568306010929
mpk,heart_rate_5,0.5710928961748634
mean,heart_rate_10,0.5412568306010929
mice,heart_rate_10,0.5412568306010929
rbfn,heart_rate_10,0.0
genrbf,heart_rate_10,0.5412568306010929
em,heart_rate_10,0.5412568306010929
kpca,heart_rate_10,0.5412568306010929
ppca,heart_rate_10,0.5412568306010929
mpk,heart_rate_10,0.5710928961748634
mean,heart_rate_20,0.5412568306010929
mice,heart_rate_20,0.5412568306010929
rbfn,heart_rate_20,0.0
genrbf,heart_rate_20,0.5412568306010929
em,heart_rate_20,0.5412568306010929
kpca,heart_rate_20,0.5412568306010929
ppca,heart_rate_20,0.5412568306010929
mpk,heart_rate_20,0.5710928961748634
mean,heart_rate_30,0.5412568306010929
mice,heart_rate_30,0.5412568306010929
rbfn,heart_rate_30,0.0
genrbf,heart_rate_30,0.5412568306010929
em,heart_rate_30,0.5412568306010929
kpca,heart_rate_30,0.5412568306010929
ppca,heart_rate_30,0.5412568306010929
mpk,heart_rate_30,0.5710928961748634
mean,heart_rate_40,0.5412568306010929
mice,heart_rate_40,0.5412568306010929
rbfn,heart_rate_40,0.0
genrbf,heart_rate_40,0.5412568306010929
em,heart_rate_40,0.5412568306010929
kpca,heart_rate_40,0.5412568306010929
ppca,heart_rate_40,0.5412568306010929
mpk,heart_rate_40,0.5710928961748634
mean,heart_rate_50,0.5412568306010929
mice,heart_rate_50,0.5412568306010929
rbfn,heart_rate_50,0.0
genrbf,heart_rate_50,0.5412568306010929
em,heart_rate_50,0.5412568306010929
kpca,heart_rate_50,0.5412568306010929
ppca,heart_rate_50,0.5412568306010929
mpk,heart_rate_50,0.5710928961748634
mean,heart_rate_60,0.5412568306010929
mice,heart_rate_60,0.5412568306010929
rbfn,heart_rate_60,0.0
genrbf,heart_rate_60,0.5412568306010929
em,heart_rate_60,0.5412568306010929
kpca,heart_rate_60,0.5412568306010929
ppca,heart_rate_60,0.5412568306010929
mpk,heart_rate_60,0.5710928961748634
mean,heart_rate_70,0.5412568306010929
mice,heart_rate_70,0.5412568306010929
rbfn,heart_rate_70,0.0
genrbf,heart_rate_70,0.5412568306010929
em,heart_rate_70,0.5412568306010929
kpca,heart_rate_70,0.5412568306010929
ppca,heart_rate_70,0.5412568306010929
mpk,heart_rate_70,0.5710928961748634
mean,heart_rate_80,0.5412568306010929
mice,heart_rate_80,0.5412568306010929
rbfn,heart_rate_80,0.0
genrbf,heart_rate_80,0.5412568306010929
em,heart_rate_80,0.5412568306010929
kpca,heart_rate_80,0.5412568306010929
ppca,heart_rate_80,0.5412568306010929
mpk,heart_rate_80,0.5710928961748634
mean,adult_rate_5,0.5299332496307622
mice,adult_rate_5,0.5299332475348444
em,adult_rate_5,0.5094262295081967
kpca,adult_rate_5,0.5067622950819672
ppca,adult_rate_5,0.5299332475348445
mpk,adult_rate_5,0.5532786885245902
mean,adult_rate_10,0.5299332496307622
mice,adult_rate_10,0.5299332475348444
em,adult_rate_10,0.5094262295081967
kpca,adult_rate_10,0.5067622950819672
ppca,adult_rate_10,0.5299332475348445
mpk,adult_rate_10,0.5532786885245902
mean,adult_rate_20,0.5299332496307622
mice,adult_rate_20,0.5299332475348444
em,adult_rate_20,0.5094262295081967
kpca,adult_rate_20,0.5067622950819672
ppca,adult_rate_20,0.5299332475348445
mpk,adult_rate_20,0.5532786885245902
mean,adult_rate_30,0.5299332496307622
mice,adult_rate_30,0.5299332475348444
em,adult_rate_30,0.5094262295081967
kpca,adult_rate_30,0.5067622950819672
ppca,adult_rate_30,0.5299332475348445
mpk,adult_rate_30,0.5532786885245902
mean,adult_rate_40,0.5299332496307622
mice,adult_rate_40,0.5299332475348444
em,adult_rate_40,0.5094262295081967
kpca,adult_rate_40,0.5067622950819672
ppca,adult_rate_40,0.5299332475348445
mpk,adult_rate_40,0.5532786885245902
mean,adult_rate_50,0.5299332496307622
mice,adult_rate_50,0.5299332475348444
em,adult_rate_50,0.5094262295081967
kpca,adult_rate_50,0.5067622950819672
ppca,adult_rate_50,0.5299332475348445
mpk,adult_rate_50,0.5532786885245902
mean,adult_rate_60,0.5299332496307622
mice,adult_rate_60,0.5299332475348444
em,adult_rate_60,0.5094262295081967
kpca,adult_rate_60,0.5067622950819672
ppca,adult_rate_60,0.5299332475348445
mpk,adult_rate_60,0.5532786885245902
mean,adult_rate_70,0.5299332496307622
mice,adult_rate_70,0.5299332475348444
em,adult_rate_70,0.5094262295081967
kpca,adult_rate_70,0.5067622950819672
ppca,adult_rate_70,0.5299332475348445
mpk,adult_rate_70,0.5532786885245902
mean,adult_rate_80,0.5299332496307622
mice,adult_rate_80,0.5299332475348444
em,adult_rate_80,0.5094262295081967
kpca,adult_rate_80,0.5067622950819672
ppca,adult_rate_80,0.5299332475348445
mpk,adult_rate_80,0.5532786885245902
mean,student_rate_5,0.5576744186046512
mice,student_rate_5,0.5700178890876565
rbfn,student_rate_5,0.0
genrbf,student_rate_5,0.4283840190816935
em,student_rate_5,0.4005485986881336
kpca,student_rate_5,0.5638878950506857
ppca,student_rate_5,0.5561478831246273
mpk,student_rate_5,0.5885390578413834
mean,student_rate_10,0.5576744186046512
mice,student_rate_10,0.5700178890876565
rbfn,student_rate_10,0.0
genrbf,student_rate_10,0.4283840190816935
em,student_rate_10,0.4005485986881336
kpca,student_rate_10,0.5638878950506857
ppca,student_rate_10,0.5561478831246273
mpk,student_rate_10,0.5885390578413834
mean,student_rate_20,0.5576744186046512
mice,student_rate_20,0.5700178890876565
rbfn,student_rate_20,0.0
genrbf,student_rate_20,0.4283840190816935
em,student_rate_20,0.4005485986881336
kpca,student_rate_20,0.5638878950506857
ppca,student_rate_20,0.5561478831246273
mpk,student_rate_20,0.5885390578413834
mean,student_rate_30,0.5576744186046512
mice,student_rate_30,0.5700178890876565
rbfn,student_rate_30,0.0
genrbf,student_rate_30,0.4283840190816935
em,student_rate_30,0.4005485986881336
kpca,student_rate_30,0.5638878950506857
ppca,student_rate_30,0.5561478831246273
mpk,student_rate_30,0.5885390578413834
mean,student_rate_40,0.5576744186046512
mice,student_rate_40,0.5700178890876565
rbfn,student_rate_40,0.0
genrbf,student_rate_40,0.4283840190816935
em,student_rate_40,0.4005485986881336
kpca,student_rate_40,0.5638878950506857
ppca,student_rate_40,0.5561478831246273
mpk,student_rate_40,0.5885390578413834
mean,student_rate_50,0.5576744186046512
mice,student_rate_50,0.5700178890876565
rbfn,student_rate_50,0.0
genrbf,student_rate_50,0.4283840190816935
em,student_rate_50,0.4005485986881336
kpca,student_rate_50,0.5638878950506857
ppca,student_rate_50,0.5561478831246273
mpk,student_rate_50,0.5885390578413834
mean,student_rate_60,0.5576744186046512
mice,student_rate_60,0.5700178890876565
rbfn,student_rate_60,0.0
genrbf,student_rate_60,0.4283840190816935
em,student_rate_60,0.4005485986881336
kpca,student_rate_60,0.5638878950506857
ppca,student_rate_60,0.5561478831246273
mpk,student_rate_60,0.5885390578413834
mean,student_rate_70,0.5576744186046512
mice,student_rate_70,0.5700178890876565
rbfn,student_rate_70,0.0
genrbf,student_rate_70,0.4283840190816935
em,student_rate_70,0.4005485986881336
kpca,student_rate_70,0.5638878950506857
ppca,student_rate_70,0.5561478831246273
mpk,student_rate_70,0.5885390578413834
mean,student_rate_80,0.5576744186046512
mice,student_rate_80,0.5700178890876565
rbfn,student_rate_80,0.0
genrbf,student_rate_80,0.4283840190816935
em,student_rate_80,0.4005485986881336
kpca,student_rate_80,0.5638878950506857
ppca,student_rate_80,0.5561478831246273
mpk,student_rate_80,0.5885390578413834
mean,banknote_rate_5,0.9795938951559388
mice,banknote_rate_5,0.9781340411413404
rbfn,banknote_rate_5,0.5160291970802919
genrbf,banknote_rate_5,0.5094651625746517
em,banknote_rate_5,0.9759442601194426
kpca,banknote_rate_5,0.9897996018579962
ppca,banknote_rate_5,0.9781340411413404
mpk,banknote_rate_5,0.9701181154611812
mean,banknote_rate_10,0.9795938951559388
mice,banknote_rate_10,0.9781340411413404
rbfn,banknote_rate_10,0.5160291970802919
genrbf,banknote_rate_10,0.5094651625746517
em,banknote_rate_10,0.9759442601194426
kpca,banknote_rate_10,0.9897996018579962
ppca,banknote_rate_10,0.9781340411413404
mpk,banknote_rate_10,0.9701181154611812
mean,banknote_rate_20,0.9795938951559388
mice,banknote_rate_20,0.9781340411413404
rbfn,banknote_rate_20,0.5160291970802919
genrbf,banknote_rate_20,0.5094651625746517
em,banknote_rate_20,0.9759442601194426
kpca,banknote_rate_20,0.9897996018579962
ppca,banknote_rate_20,0.9781340411413404
mpk,banknote_rate_20,0.9701181154611812
mean,banknote_rate_30,0.9795938951559388
mice,banknote_rate_30,0.9781340411413404
rbfn,banknote_rate_30,0.5160291970802919
genrbf,banknote_rate_30,0.5094651625746517
em,banknote_rate_30,0.9759442601194426
kpca,banknote_rate_30,0.9897996018579962
ppca,banknote_rate_30,0.9781340411413404
mpk,banknote_rate_30,0.9701181154611812
mean,banknote_rate_40,0.9795938951559388
mice,banknote_rate_40,0.9781340411413404
rbfn,banknote_rate_40,0.5160291970802919
genrbf,banknote_rate_40,0.5094651625746517
em,banknote_rate_40,0.9759442601194426
kpca,banknote_rate_40,0.9897996018579962
ppca,banknote_rate_40,0.9781340411413404
mpk,banknote_rate_40,0.9701181154611812
mean,banknote_rate_50,0.9795938951559388
mice,banknote_rate_50,0.9781340411413404
rbfn,banknote_rate_50,0.5160291970802919
genrbf,banknote_rate_50,0.5094651625746517
em,banknote_rate_50,0.9759442601194426
kpca,banknote_rate_50,0.9897996018579962
ppca,banknote_rate_50,0.9781340411413404
mpk,banknote_rate_50,0.9701181154611812
mean,banknote_rate_60,0.9795938951559388
mice,banknote_rate_60,0.9781340411413404
rbfn,banknote_rate_60,0.5160291970802919
genrbf,banknote_rate_60,0.5094651625746517
em,banknote_rate_60,0.9759442601194426
kpca,banknote_rate_60,0.9897996018579962
ppca,banknote_rate_60,0.9781340411413404
mpk,banknote_rate_60,0.9701181154611812
mean,banknote_rate_70,0.9795938951559388
mice,banknote_rate_70,0.9781340411413404
rbfn,banknote_rate_70,0.5160291970802919
genrbf,banknote_rate_70,0.5094651625746517
em,banknote_rate_70,0.9759442601194426
kpca,banknote_rate_70,0.9897996018579962
ppca,banknote_rate_70,0.9781340411413404
mpk,banknote_rate_70,0.9701181154611812
mean,banknote_rate_80,0.9795938951559388
mice,banknote_rate_80,0.9781340411413404
rbfn,banknote_rate_80,0.5160291970802919
genrbf,banknote_rate_80,0.5094651625746517
em,banknote_rate_80,0.9759442601194426
kpca,banknote_rate_80,0.9897996018579962
ppca,banknote_rate_80,0.9781340411413404
mpk,banknote_rate_80,0.9701181154611812
mean,sonar_rate_5,0.7836236933797908
mice,sonar_rate_5,0.802787456445993
rbfn,sonar_rate_5,0.2047619047619047
genrbf,sonar_rate_5,0.5336817653890825
em,sonar_rate_5,0.7742160278745643
kpca,sonar_rate_5,0.8222996515679443
ppca,sonar_rate_5,0.778513356562137
mpk,sonar_rate_5,0.80267131242741
mean,sonar_rate_10,0.7836236933797908
mice,sonar_rate_10,0.802787456445993
rbfn,sonar_rate_10,0.2047619047619047
genrbf,sonar_rate_10,0.5336817653890825
em,sonar_rate_10,0.7742160278745643
kpca,sonar_rate_10,0.8222996515679443
ppca,sonar_rate_10,0.778513356562137
mpk,sonar_rate_10,0.80267131242741
mean,sonar_rate_20,0.7836236933797908
mice,sonar_rate_20,0.802787456445993
rbfn,sonar_rate_20,0.2047619047619047
genrbf,sonar_rate_20,0.5336817653890825
em,sonar_rate_20,0.7742160278745643
kpca,sonar_rate_20,0.8222996515679443
ppca,sonar_rate_20,0.778513356562137
mpk,sonar_rate_20,0.80267131242741
mean,sonar_rate_30,0.7836236933797908
mice,sonar_rate_30,0.802787456445993
rbfn,sonar_rate_30,0.2047619047619047
genrbf,sonar_rate_30,0.5336817653890825
em,sonar_rate_30,0.7742160278745643
kpca,sonar_rate_30,0.8222996515679443
ppca,sonar_rate_30,0.778513356562137
mpk,sonar_rate_30,0.80267131242741
mean,sonar_rate_40,0.7836236933797908
mice,sonar_rate_40,0.802787456445993
rbfn,sonar_rate_40,0.2047619047619047
genrbf,sonar_rate_40,0.5336817653890825
em,sonar_rate_40,0.7742160278745643
kpca,sonar_rate_40,0.8222996515679443
ppca,sonar_rate_40,0.778513356562137
mpk,sonar_rate_40,0.80267131242741
mean,sonar_rate_50,0.7836236933797908
mice,sonar_rate_50,0.802787456445993
rbfn,sonar_rate_50,0.2047619047619047
genrbf,sonar_rate_50,0.5336817653890825
em,sonar_rate_50,0.7742160278745643
kpca,sonar_rate_50,0.8222996515679443
ppca,sonar_rate_50,0.778513356562137
mpk,sonar_rate_50,0.80267131242741
mean,sonar_rate_60,0.7836236933797908
mice,sonar_rate_60,0.802787456445993
rbfn,sonar_rate_60,0.2047619047619047
genrbf,sonar_rate_60,0.5336817653890825
em,sonar_rate_60,0.7742160278745643
kpca,sonar_rate_60,0.8222996515679443
ppca,sonar_rate_60,0.778513356562137
mpk,sonar_rate_60,0.80267131242741
mean,sonar_rate_70,0.7836236933797908
mice,sonar_rate_70,0.802787456445993
rbfn,sonar_rate_70,0.2047619047619047
genrbf,sonar_rate_70,0.5336817653890825
em,sonar_rate_70,0.7742160278745643
kpca,sonar_rate_70,0.8222996515679443
ppca,sonar_rate_70,0.778513356562137
mpk,sonar_rate_70,0.80267131242741
mean,sonar_rate_80,0.7836236933797908
mice,sonar_rate_80,0.802787456445993
rbfn,sonar_rate_80,0.2047619047619047
genrbf,sonar_rate_80,0.5336817653890825
em,sonar_rate_80,0.7742160278745643
kpca,sonar_rate_80,0.8222996515679443
ppca,sonar_rate_80,0.778513356562137
mpk,sonar_rate_80,0.80267131242741
mean,spam_rate_5,0.7139727611764151
mice,spam_rate_5,0.7178855686163433
rbfn,spam_rate_5,0.0
genrbf,spam_rate_5,0.5424928008308549
em,spam_rate_5,0.6954992210735023
kpca,spam_rate_5,0.8217735920313458
ppca,spam_rate_5,0.7100611339281498
mpk,spam_rate_5,0.9369657272341028
mean,spam_rate_10,0.7139727611764151
mice,spam_rate_10,0.7178855686163433
rbfn,spam_rate_10,0.0
genrbf,spam_rate_10,0.5424928008308549
em,spam_rate_10,0.6954992210735023
kpca,spam_rate_10,0.8217735920313458
ppca,spam_rate_10,0.7100611339281498
mpk,spam_rate_10,0.9369657272341028
mean,spam_rate_20,0.7139727611764151
mice,spam_rate_20,0.7178855686163433
rbfn,spam_rate_20,0.0
genrbf,spam_rate_20,0.5424928008308549
em,spam_rate_20,0.6954992210735023
kpca,spam_rate_20,0.8217735920313458
ppca,spam_rate_20,0.7100611339281498
mpk,spam_rate_20,0.9369657272341028
mean,spam_rate_30,0.7139727611764151
mice,spam_rate_30,0.7178855686163433
rbfn,spam_rate_30,0.0
genrbf,spam_rate_30,0.5424928008308549
em,spam_rate_30,0.6954992210735023
kpca,spam_rate_30,0.8217735920313458
ppca,spam_rate_30,0.7100611339281498
mpk,spam_rate_30,0.9369657272341028
mean,spam_rate_40,0.7139727611764151
mice,spam_rate_40,0.7178855686163433
rbfn,spam_rate_40,0.0
genrbf,spam_rate_40,0.5424928008308549
em,spam_rate_40,0.6954992210735023
kpca,spam_rate_40,0.8217735920313458
ppca,spam_rate_40,0.7100611339281498
mpk,spam_rate_40,0.9369657272341028
mean,spam_rate_50,0.7139727611764151
mice,spam_rate_50,0.7178855686163433
rbfn,spam_rate_50,0.0
genrbf,spam_rate_50,0.5424928008308549
em,spam_rate_50,0.6954992210735023
kpca,spam_rate_50,0.8217735920313458
ppca,spam_rate_50,0.7100611339281498
mpk,spam_rate_50,0.9369657272341028
mean,spam_rate_60,0.7139727611764151
mice,spam_rate_60,0.7178855686163433
rbfn,spam_rate_60,0.0
genrbf,spam_rate_60,0.5424928008308549
em,spam_rate_60,0.6954992210735023
kpca,spam_rate_60,0.8217735920313458
ppca,spam_rate_60,0.7100611339281498
mpk,spam_rate_60,0.9369657272341028
mean,spam_rate_70,0.7139727611764151
mice,spam_rate_70,0.7178855686163433
rbfn,spam_rate_70,0.0
genrbf,spam_rate_70,0.5424928008308549
em,spam_rate_70,0.6954992210735023
kpca,spam_rate_70,0.8217735920313458
ppca,spam_rate_70,0.7100611339281498
mpk,spam_rate_70,0.9369657272341028
mean,spam_rate_80,0.7139727611764151
mice,spam_rate_80,0.7178855686163433
rbfn,spam_rate_80,0.0
genrbf,spam_rate_80,0.5424928008308549
em,spam_rate_80,0.6954992210735023
kpca,spam_rate_80,0.8217735920313458
ppca,spam_rate_80,0.7100611339281498
mpk,spam_rate_80,0.9369657272341028
mean,wine_rate_5,0.933353704032688
mice,wine_rate_5,0.9348929946112394
rbfn,wine_rate_5,0.0001538461538461
genrbf,wine_rate_5,0.6387594007224492
em,wine_rate_5,0.919039734707171
kpca,wine_rate_5,0.9462822289334992
mpk,wine_rate_5,0.994150885296382
mean,wine_rate_10,0.933353704032688
mice,wine_rate_10,0.9348929946112394
rbfn,wine_rate_10,0.0001538461538461
genrbf,wine_rate_10,0.6387594007224492
em,wine_rate_10,0.919039734707171
kpca,wine_rate_10,0.9462822289334992
mpk,wine_rate_10,0.994150885296382
mean,wine_rate_20,0.933353704032688
mice,wine_rate_20,0.9348929946112394
rbfn,wine_rate_20,0.0001538461538461
genrbf,wine_rate_20,0.6387594007224492
em,wine_rate_20,0.919039734707171
kpca,wine_rate_20,0.9462822289334992
mpk,wine_rate_20,0.994150885296382
mean,wine_rate_30,0.933353704032688
mice,wine_rate_30,0.9348929946112394
rbfn,wine_rate_30,0.0001538461538461
genrbf,wine_rate_30,0.6387594007224492
em,wine_rate_30,0.919039734707171
kpca,wine_rate_30,0.9462822289334992
mpk,wine_rate_30,0.994150885296382
mean,wine_rate_40,0.933353704032688
mice,wine_rate_40,0.9348929946112394
rbfn,wine_rate_40,0.0001538461538461
genrbf,wine_rate_40,0.6387594007224492
em,wine_rate_40,0.919039734707171
kpca,wine_rate_40,0.9462822289334992
mpk,wine_rate_40,0.994150885296382
mean,wine_rate_50,0.933353704032688
mice,wine_rate_50,0.9348929946112394
rbfn,wine_rate_50,0.0001538461538461
genrbf,wine_rate_50,0.6387594007224492
em,wine_rate_50,0.919039734707171
kpca,wine_rate_50,0.9462822289334992
mpk,wine_rate_50,0.994150885296382
mean,wine_rate_60,0.933353704032688
mice,wine_rate_60,0.9348929946112394
rbfn,wine_rate_60,0.0001538461538461
genrbf,wine_rate_60,0.6387594007224492
em,wine_rate_60,0.919039734707171
kpca,wine_rate_60,0.9462822289334992
mpk,wine_rate_60,0.994150885296382
mean,wine_rate_70,0.933353704032688
mice,wine_rate_70,0.9348929946112394
rbfn,wine_rate_70,0.0001538461538461
genrbf,wine_rate_70,0.6387594007224492
em,wine_rate_70,0.919039734707171
kpca,wine_rate_70,0.9462822289334992
mpk,wine_rate_70,0.994150885296382
mean,wine_rate_80,0.933353704032688
mice,wine_rate_80,0.9348929946112394
rbfn,wine_rate_80,0.0001538461538461
genrbf,wine_rate_80,0.6387594007224492
em,wine_rate_80,0.919039734707171
kpca,wine_rate_80,0.9462822289334992
mpk,wine_rate_80,0.994150885296382
