A1,A2,A3,A4,A5,A6,A7,A8,A9,A10,A11,A12,A13,A14
0,24.5,0.5,1,10,7,1.5,1,0,0,0,1,280,825
0,37.75,5.5,1,10,3,0.125,1,0,0,1,1,228,1
1,31.57,0.375,1,1,3,0.875,1,0,0,1,0,928,1
1,31.83,0.04,0,6,3,0.04,0,0,0,0,1,0,1
1,17.67,4.46,1,7,3,0.25,0,0,0,0,0,80,1
1,26.75,1.125,1,13,7,1.25,1,0,0,0,1,0,5299
1,21.25,1.5,1,8,3,1.5,0,0,0,0,1,150,9
1,23.25,12.625,1,7,3,0.125,0,1,2,0,1,0,5553
0,18.83,9.54,1,5,3,0.085,1,0,0,0,1,100,1
1,17.5,22.0,2,0,6,0.0,0,0,0,1,2,450,100001
1,13.75,4.0,0,8,3,1.75,1,1,2,1,1,120,1001
0,33.25,3.0,0,5,3,2.0,0,0,0,0,1,180,1
1,32.25,0.165,0,7,7,3.25,1,1,1,1,1,432,8001
0,49.0,1.5,1,4,2,0.0,1,0,0,1,1,100,28
0,28.75,3.75,1,7,3,1.085,1,1,1,1,1,371,1
0,21.75,11.75,1,7,3,0.25,0,0,0,1,1,180,1
1,17.92,0.205,1,5,3,0.04,0,0,0,0,1,280,751
1,23.42,1.0,1,7,3,0.5,0,0,0,1,0,280,1
0,19.17,5.415,1,2,7,0.29,0,0,0,0,1,80,485
1,23.25,1.5,1,10,3,2.375,1,1,3,1,1,0,583
0,21.67,11.5,0,4,2,0.0,1,1,11,1,1,0,1
1,23.0,0.75,1,6,3,0.5,1,0,0,1,0,320,1
1,32.67,9.0,0,8,7,5.25,1,0,0,1,1,154,1
1,48.17,7.625,1,8,7,15.5,1,1,12,0,1,0,791
0,33.75,0.75,1,3,4,1.0,1,1,3,1,1,212,1
1,26.0,1.0,1,10,3,1.75,1,0,0,1,1,280,1
1,22.17,12.125,1,7,3,3.335,0,1,2,1,1,180,174
1,40.25,21.5,1,9,8,20.0,1,1,11,0,1,0,1201
1,31.92,4.46,1,12,7,6.04,1,1,3,0,1,311,301
1,51.83,3.0,0,0,0,1.5,0,0,0,0,1,180,5
1,15.17,7.0,1,9,3,1.0,0,0,0,0,1,600,1
1,42.0,9.79,1,13,7,7.96,1,1,8,0,1,0,1
1,39.0,5.0,1,12,3,3.5,1,1,10,1,1,0,1
0,25.42,1.125,1,10,3,1.29,1,1,2,0,1,200,1
1,36.25,5.0,1,7,4,2.5,1,1,6,0,1,0,368
0,15.83,0.585,1,7,7,1.5,1,1,2,0,1,100,1
0,16.08,0.335,1,0,0,0.0,0,1,1,0,1,160,127
0,22.83,2.29,1,10,7,2.29,1,1,7,1,1,140,2385
0,58.33,10.0,1,10,3,4.0,1,1,14,0,1,0,1603
1,48.08,6.04,1,3,3,0.04,0,0,0,0,1,0,2691
0,44.17,6.665,1,10,3,7.375,1,1,3,1,1,0,1
0,32.0,6.0,1,1,3,1.25,0,0,0,0,1,272,1
1,35.58,0.75,1,3,3,1.5,0,0,0,1,1,231,1
1,31.58,0.75,0,5,3,3.5,0,0,0,1,1,320,1
0,35.42,12.0,1,10,7,14.0,1,1,8,0,1,0,6591
1,31.83,2.5,1,5,3,7.5,1,0,0,1,1,523,1
1,26.75,2.0,1,1,3,0.75,0,0,0,1,1,80,1
1,22.08,11.46,1,3,3,1.585,0,0,0,1,1,100,1213
0,45.0,4.585,1,3,7,1.0,0,0,0,1,0,240,1
1,21.17,0.0,1,7,3,0.5,0,0,0,1,0,0,1
1,17.25,3.0,1,3,3,0.04,0,0,0,1,1,160,41
1,44.33,0.5,1,2,7,5.0,1,0,0,1,1,320,1
0,24.83,4.5,1,8,3,1.0,0,0,0,1,1,360,7
0,19.5,0.165,1,10,3,0.04,0,0,0,1,1,380,1
1,73.42,17.75,1,0,0,0.0,1,0,0,1,1,0,1
1,42.83,1.25,1,6,3,13.875,0,1,1,1,1,352,113
1,23.17,0.0,1,7,3,0.0,0,0,0,0,2,184,1
0,21.25,2.335,1,2,4,0.5,1,1,4,0,0,80,1
1,39.42,1.71,0,6,3,0.165,0,0,0,0,0,400,1
1,20.25,9.96,1,9,1,0.0,1,0,0,0,1,0,1
1,27.67,13.75,1,8,3,5.75,1,0,0,1,1,487,501
1,51.42,0.04,1,13,7,0.04,1,0,0,0,1,0,3001
0,18.08,0.375,2,12,0,10.0,0,0,0,1,0,300,1
0,65.17,14.0,1,0,0,0.0,1,1,11,1,1,0,1401
1,21.33,7.5,1,5,3,1.415,1,1,1,0,1,80,9801
0,40.83,3.5,1,2,4,0.5,0,0,0,0,0,1160,1
1,28.75,1.165,1,3,3,0.5,1,0,0,0,0,280,1
0,47.42,8.0,1,9,4,6.5,1,1,6,0,1,375,51101
1,24.5,13.335,0,5,3,0.04,0,0,0,1,1,120,476
1,32.0,1.75,0,9,7,0.04,1,0,0,1,1,393,1
1,31.57,0.625,1,3,3,0.25,0,0,0,0,1,380,2011
1,32.25,14.0,0,0,0,0.0,0,1,2,0,1,160,2
1,29.83,2.04,0,13,7,0.04,0,0,0,0,1,128,2
0,52.5,7.0,1,5,7,3.0,0,0,0,0,1,0,1
1,48.75,8.5,1,7,7,12.5,1,1,9,0,1,181,1656
1,32.33,3.5,1,3,3,0.5,0,0,0,1,1,232,1
1,23.08,0.0,1,3,3,1.0,0,1,11,0,0,0,1
0,57.08,19.5,1,7,3,5.5,1,1,7,0,1,0,3001
0,50.25,0.835,1,5,3,0.5,0,0,0,1,1,240,118
0,20.33,10.0,1,7,7,1.0,1,1,4,0,1,50,1466
0,20.75,10.335,1,12,7,0.335,1,1,1,1,1,80,51
0,56.5,16.0,1,4,0,0.0,1,1,15,0,1,0,248
1,25.75,0.75,1,7,4,0.25,1,0,0,0,1,349,24
1,34.67,1.08,1,6,3,1.165,0,0,0,0,0,28,1
0,28.58,3.75,1,7,3,0.25,0,1,1,1,1,40,155
0,15.92,2.875,1,10,3,0.085,0,0,0,0,1,120,1
1,25.17,6.0,1,7,3,1.0,1,1,3,0,1,0,1
1,41.75,0.96,1,13,3,2.5,1,0,0,0,1,510,601
1,41.5,1.54,1,2,4,3.5,0,0,0,0,1,216,1
0,17.58,9.0,1,5,3,1.375,1,0,0,1,1,0,1
1,21.83,0.25,1,1,7,0.665,1,0,0,1,1,0,1
0,25.08,2.54,0,5,3,0.25,1,0,0,1,1,370,1
1,23.17,0.0,1,12,3,0.085,1,0,0,0,1,0,1
1,38.42,0.705,1,7,3,0.375,0,1,2,0,1,225,501
1,41.0,0.04,1,9,3,0.04,0,1,1,0,0,560,1
1,64.08,20.0,1,13,7,17.5,1,1,9,1,1,0,1001
1,62.75,7.0,1,9,8,0.0,0,0,0,0,1,0,13
1,38.25,10.125,0,3,3,0.125,0,0,0,0,1,160,1
0,38.25,6.0,1,3,3,1.0,1,0,0,1,1,0,1
1,35.25,16.5,0,7,3,4.0,1,0,0,0,1,80,1
0,69.5,6.0,1,0,0,0.0,0,0,0,0,0,0,1
1,34.92,5.0,1,13,7,7.5,1,1,6,1,1,0,1001
0,47.75,8.0,1,7,3,7.875,1,1,6,1,1,0,1261
1,23.0,0.75,1,6,3,0.5,0,0,0,1,0,320,1
1,19.33,10.915,1,7,4,0.585,0,1,2,1,1,200,8
0,41.58,1.04,1,5,3,0.665,0,0,0,0,1,240,238
1,36.17,5.5,1,2,4,5.0,0,0,0,0,1,210,688
1,56.58,18.5,1,1,4,15.0,1,1,17,1,1,0,1
0,22.67,7.0,1,7,3,0.165,0,0,0,0,1,160,1
1,23.75,0.415,0,7,3,0.04,0,1,2,0,1,128,7
1,23.58,0.835,1,2,7,0.085,0,0,0,1,1,220,6
1,30.17,6.5,1,12,3,3.125,1,1,8,0,1,330,1201
1,23.25,1.0,1,7,3,0.835,1,0,0,0,0,300,1
0,19.58,0.665,0,7,3,1.0,0,1,1,0,1,2000,3
0,23.42,0.79,0,10,3,1.5,1,1,2,1,1,80,401
1,39.5,4.25,1,7,4,6.5,1,1,16,0,1,117,1211
1,54.83,15.5,1,9,8,0.0,1,1,20,0,1,152,131
0,22.5,8.5,1,10,3,1.75,1,1,10,0,1,80,991
0,33.08,4.625,1,10,7,1.625,1,1,2,0,1,0,1
1,20.17,9.25,1,7,3,1.665,1,1,3,1,1,40,29
0,21.92,11.665,1,3,7,0.085,0,0,0,0,1,320,6
1,50.75,0.585,1,0,0,0.0,0,0,0,0,1,145,1
1,24.42,2.0,1,9,1,0.165,0,1,2,0,1,320,1301
1,34.25,1.75,1,8,4,0.25,1,0,0,1,1,163,1
1,34.75,15.0,1,11,6,5.375,1,1,9,1,1,0,135
0,29.75,0.665,1,8,3,0.25,0,0,0,1,1,300,1
1,18.5,2.0,1,2,3,1.5,1,1,2,0,1,120,301
1,25.08,1.71,1,13,3,1.665,1,1,1,1,1,395,21
1,48.33,12.0,1,6,3,16.0,1,0,0,0,0,110,1
1,25.67,0.29,0,7,3,1.5,0,0,0,1,1,160,1
0,27.17,1.25,1,0,0,0.0,0,1,1,0,1,92,301
1,31.25,1.125,1,0,0,0.0,0,1,1,0,1,96,20
1,22.75,11.5,1,2,3,0.415,0,0,0,0,1,0,1
1,39.58,13.915,1,8,3,8.625,1,1,6,1,1,70,1
1,23.75,12.0,1,7,3,2.085,0,0,0,0,0,80,1
0,16.5,1.25,1,10,3,0.25,0,1,1,0,1,108,99
0,29.5,0.46,1,3,3,0.54,1,1,4,0,1,380,501
0,46.0,4.0,1,4,2,0.0,1,0,0,0,1,100,961
0,45.33,1.0,1,10,3,0.125,0,0,0,1,1,263,1
0,17.92,10.21,1,0,0,0.0,0,0,0,0,1,0,51
1,27.83,1.54,1,8,3,3.75,1,1,5,1,1,100,4
0,24.75,3.0,1,10,7,1.835,1,1,19,0,1,0,501
0,56.83,4.25,0,0,0,5.0,0,0,0,1,1,0,5
1,48.58,6.5,1,10,7,6.0,1,0,0,1,1,350,1
1,28.25,5.125,1,13,3,4.75,1,1,2,0,1,420,8
1,29.58,4.5,1,8,3,7.5,1,1,2,1,1,330,1
1,25.0,12.0,1,3,3,2.25,1,1,2,1,1,120,6
1,29.25,13.0,1,1,7,0.5,0,0,0,0,1,228,1
1,24.58,1.25,1,7,3,0.25,0,0,0,0,1,110,1
0,23.58,11.5,0,3,7,3.0,0,0,0,1,1,20,17
0,30.42,1.375,1,8,7,0.04,0,1,3,0,1,0,34
1,23.17,11.125,1,13,7,0.46,1,1,1,0,1,100,1
0,18.17,10.0,0,10,7,0.165,0,0,0,0,1,340,1
1,22.5,0.125,0,3,3,0.125,0,0,0,0,1,200,71
0,22.75,6.165,1,5,3,0.165,0,0,0,0,1,220,1001
1,34.83,4.0,1,1,4,12.5,1,0,0,1,1,184,1
1,20.5,2.415,1,7,3,2.0,1,1,11,1,1,200,3001
1,27.83,1.0,0,1,7,3.0,0,0,0,0,1,176,538
1,31.57,0.5,1,7,4,0.835,1,0,0,1,0,320,1
0,40.33,8.125,0,3,3,0.165,0,1,2,0,1,184,19
0,31.92,3.125,1,0,0,3.04,0,1,2,1,1,200,5
1,26.92,2.25,1,2,4,0.5,0,0,0,1,1,640,4001
0,40.33,7.54,0,10,7,8.0,1,1,14,0,1,0,2301
1,47.33,6.5,1,7,3,1.0,0,0,0,1,1,0,229
1,33.75,2.75,1,2,4,0.0,0,0,0,0,1,180,1
0,46.08,3.0,1,7,3,2.375,1,1,8,1,1,396,4160
0,30.5,6.5,1,7,4,4.0,1,1,7,1,1,0,3066
1,18.08,6.75,0,6,3,0.04,0,0,0,0,1,140,1
1,35.25,3.165,1,13,7,3.75,1,0,0,1,1,680,1
1,57.42,8.5,1,9,7,7.0,1,1,3,0,1,0,1
0,29.5,2.0,0,9,7,2.0,0,0,0,0,1,256,18
0,24.75,12.5,1,5,3,1.5,1,1,12,1,1,120,568
1,47.17,5.835,1,8,3,5.5,0,0,0,0,1,465,151
0,20.83,3.0,1,5,3,0.04,1,0,0,0,1,100,1
1,57.83,7.04,1,6,3,14.0,1,1,6,1,1,360,1333
0,18.25,10.0,1,8,3,1.0,0,1,1,0,1,120,2
1,31.57,5.0,0,5,3,8.5,1,0,0,0,1,0,1
1,34.83,2.5,0,8,3,3.0,0,0,0,0,0,200,1
1,20.0,11.045,1,7,3,2.0,0,0,0,1,1,136,1
1,52.5,6.5,1,3,3,6.29,1,1,15,0,1,0,11203
1,33.17,3.04,0,7,7,2.04,1,1,1,1,1,180,18028
1,48.5,4.25,1,6,3,0.125,1,0,0,1,1,225,1
0,20.42,7.5,1,3,3,1.5,1,1,1,0,1,160,235
1,20.67,5.29,1,10,3,0.375,1,1,1,0,1,160,1
1,39.17,2.5,0,2,7,10.0,0,0,0,1,0,200,1
1,33.58,2.75,1,6,3,4.25,1,1,6,0,1,204,1
1,28.92,15.0,1,7,7,5.335,1,1,11,0,1,0,2284
1,43.25,3.0,1,10,7,6.0,1,1,11,0,1,80,1
0,38.58,5.0,1,12,3,13.5,1,0,0,1,1,980,1
1,23.33,11.625,0,8,3,0.835,1,0,0,1,1,160,301
1,20.5,10.0,0,7,3,2.5,1,0,0,0,0,40,1
0,31.25,3.75,1,12,7,0.625,1,1,9,1,1,181,1
1,36.75,0.125,0,7,3,1.5,0,0,0,1,1,232,114
0,47.42,3.0,1,13,3,13.875,1,1,2,1,1,519,1705
1,43.08,0.375,0,7,3,0.375,1,1,8,1,1,300,163
0,58.67,4.46,1,10,7,3.04,1,1,6,0,1,43,561
1,24.08,0.875,1,6,3,0.085,0,1,4,0,1,254,1951
0,46.67,0.46,1,12,7,0.415,1,1,11,1,1,440,7
1,17.08,3.29,1,2,3,0.335,0,0,0,1,1,140,3
1,23.58,1.79,1,7,3,0.54,0,0,0,1,1,136,2
1,27.25,1.585,1,12,7,1.835,1,1,12,1,1,583,714
1,20.42,1.835,1,7,3,2.25,1,1,1,0,1,100,151
0,22.25,1.25,0,0,0,3.25,0,0,0,0,1,280,1
0,22.67,0.79,1,2,3,0.085,0,0,0,0,1,144,1
0,57.58,2.0,1,0,0,6.5,0,1,1,0,1,0,11
1,19.5,9.585,1,5,3,0.79,0,0,0,0,1,80,351
1,19.67,10.0,0,3,7,0.835,1,0,0,1,1,140,1
1,25.33,0.58,1,7,3,0.29,1,1,7,1,1,96,5125
0,39.08,4.0,1,7,3,3.0,0,0,0,0,1,480,1
1,24.08,9.0,1,5,3,0.25,0,0,0,1,1,0,1
0,20.08,1.25,1,7,3,0.0,0,0,0,0,1,0,1
1,22.0,7.835,0,2,4,0.165,0,0,0,1,1,184,1
0,27.33,1.665,1,0,0,0.0,0,0,0,0,1,340,2
0,24.5,1.04,0,0,0,0.5,1,1,3,0,1,180,148
1,25.67,3.25,1,7,7,2.29,0,1,1,1,1,416,22
1,31.57,3.0,0,2,4,7.0,0,0,0,0,1,0,2
1,41.17,1.335,1,1,3,0.165,0,0,0,0,1,168,1
1,39.17,1.71,1,13,3,0.125,1,1,5,1,1,480,1
1,22.17,2.25,1,2,3,0.125,0,0,0,0,1,160,11
0,28.58,3.54,1,2,4,0.5,1,0,0,1,1,171,1
1,42.5,4.915,0,8,3,3.165,1,0,0,1,1,52,1443
0,22.42,11.25,0,13,7,0.75,1,1,4,0,1,0,322
1,39.92,0.54,0,5,3,0.5,1,1,3,0,1,200,1001
1,18.08,5.5,1,3,3,0.5,1,0,0,0,1,80,1
1,43.17,2.25,1,2,4,0.75,1,0,0,0,1,560,1
1,25.25,1.0,1,5,3,0.5,0,0,0,0,1,200,1
1,36.67,3.25,1,10,7,9.0,1,0,0,1,1,102,640
0,19.17,0.585,0,5,3,0.585,1,0,0,1,1,160,1
1,16.17,0.04,1,7,3,0.04,0,0,0,0,1,0,1
1,44.83,7.0,0,7,3,1.625,0,0,0,0,1,160,3
1,22.67,0.75,1,2,3,1.585,0,1,1,1,1,400,10
0,64.08,0.165,1,0,0,0.0,1,1,1,0,1,232,101
1,35.0,2.5,1,2,3,1.0,0,0,0,1,1,210,1
0,48.17,1.335,1,2,6,0.335,0,0,0,0,1,0,121
1,39.58,5.0,1,0,0,0.0,0,1,2,0,1,17,2
1,17.08,0.25,1,10,3,0.335,0,1,4,0,1,160,9
1,31.42,15.5,1,7,3,0.5,1,0,0,0,1,120,1
1,22.92,3.165,0,7,3,0.165,0,0,0,0,1,160,1059
1,32.42,2.165,0,3,0,0.0,0,0,0,0,1,120,1
1,27.42,12.5,1,5,4,0.25,0,0,0,1,1,720,1
0,45.83,10.5,1,10,3,5.0,1,1,7,1,1,0,1
1,23.08,2.5,1,7,3,1.085,1,1,11,1,1,60,2185
1,27.67,0.75,1,10,7,0.165,0,0,0,1,1,220,252
0,17.92,0.54,1,7,3,1.75,0,1,1,1,1,80,6
1,39.17,1.625,1,7,3,1.5,1,1,10,0,1,186,4701
1,20.17,8.17,1,5,3,1.96,1,1,14,0,1,60,159
1,31.67,0.83,1,13,3,1.335,1,1,8,1,1,303,3291
1,42.75,3.0,1,2,4,1.0,1,0,0,0,1,0,201
0,22.92,1.25,1,10,3,0.25,0,0,0,1,1,120,810
0,19.58,0.665,1,8,3,1.665,0,0,0,0,1,220,6
1,49.17,2.29,1,0,0,0.29,0,0,0,0,1,200,4
0,49.83,13.585,1,3,7,8.5,1,0,0,1,1,0,1
1,32.33,7.5,1,9,4,1.585,1,0,0,1,0,420,1
1,37.5,0.835,1,9,3,0.04,0,0,0,0,1,120,6
1,34.58,0.0,1,7,3,0.0,0,0,0,0,2,184,1
0,24.75,13.665,1,10,7,1.5,0,0,0,0,1,280,2
1,21.5,9.75,1,7,3,0.25,1,0,0,0,1,140,1
1,22.25,0.46,1,3,3,0.125,0,0,0,1,1,280,56
0,25.75,0.5,1,7,7,0.875,1,0,0,1,1,491,1
0,31.57,11.25,1,0,0,0.0,0,0,0,0,1,184,5201
0,21.75,1.75,0,4,2,0.0,0,0,0,0,1,160,1
1,23.25,4.0,1,7,4,0.25,1,0,0,1,1,160,1
1,32.08,4.0,1,6,3,2.5,1,0,0,1,1,360,1
1,52.33,1.375,0,7,7,9.46,1,0,0,1,1,200,101
0,25.58,0.0,1,7,3,0.0,0,0,0,0,2,184,1
0,41.0,2.04,0,10,7,0.125,1,1,23,1,1,455,1237
1,27.67,2.0,1,13,7,1.0,1,1,4,0,1,140,7545
0,32.17,1.46,1,8,3,1.085,1,1,16,0,1,120,2080
0,25.0,11.0,0,5,3,4.5,1,0,0,0,1,120,1
1,21.58,0.79,0,12,3,0.665,0,0,0,0,1,160,1
1,34.75,2.5,1,12,4,0.5,0,0,0,0,1,348,1
0,25.33,2.085,1,7,7,2.75,1,0,0,1,1,360,2
0,34.83,1.25,0,2,7,0.5,0,0,0,1,1,160,1
0,31.57,3.5,1,1,3,3.0,1,0,0,1,1,300,1
1,56.42,28.0,0,7,3,28.5,1,1,40,0,1,0,16
1,23.58,0.46,0,8,3,2.625,1,1,6,1,1,208,348
1,22.58,1.5,0,5,3,0.54,0,0,0,1,1,120,68
0,28.17,0.585,1,5,3,0.04,0,0,0,0,1,260,1005
0,24.08,0.5,1,10,7,1.25,1,1,1,0,1,0,679
1,19.42,1.5,0,12,3,2.0,1,0,0,1,1,100,21
0,36.75,5.125,1,9,3,5.0,1,0,0,1,1,0,4001
1,47.67,0.29,1,7,4,15.0,1,1,20,0,1,0,15001
1,32.08,4.0,0,12,3,1.5,0,0,0,1,1,120,1
1,18.0,0.165,1,10,6,0.21,0,0,0,0,1,200,41
1,25.0,12.5,1,5,3,3.0,1,0,0,1,0,20,1
0,53.33,0.165,1,0,0,0.0,0,0,0,1,0,62,28
1,39.25,9.5,1,6,3,6.5,1,1,14,0,1,240,4608
0,30.58,10.665,1,10,7,0.085,0,1,12,1,1,129,4
1,41.17,1.25,0,8,3,0.25,0,0,0,0,1,0,196
1,48.25,25.085,1,8,3,1.75,1,1,3,0,1,120,15
0,19.67,0.21,1,10,7,0.29,1,1,11,0,1,80,100
1,34.08,0.08,0,6,4,0.04,1,1,1,1,1,280,2001
0,28.5,3.04,0,13,7,2.54,1,1,1,0,1,70,1
0,30.0,5.29,1,9,1,2.25,1,1,5,1,1,99,501
1,27.0,0.75,1,7,7,4.25,1,1,3,1,1,312,151
1,24.33,6.625,0,1,3,5.5,1,0,0,1,0,100,1
1,35.17,2.5,1,3,3,4.5,1,1,7,0,1,150,1271
1,20.42,1.085,1,10,3,1.5,0,0,0,0,1,108,8
1,27.83,1.5,1,8,3,2.0,1,1,11,1,1,434,36
1,29.58,4.75,1,6,3,2.0,0,1,1,1,1,460,69
0,23.5,1.5,1,8,3,0.875,0,0,0,1,1,160,1
1,24.83,2.75,1,7,3,2.25,1,1,6,0,1,184,601
1,27.25,0.625,1,5,3,0.455,1,0,0,1,1,200,1
1,16.25,0.835,1,6,3,0.085,1,0,0,0,0,200,1
1,33.58,0.335,0,12,3,0.085,0,0,0,0,1,180,1
1,43.0,0.29,0,12,7,1.75,1,1,8,0,1,100,376
1,33.5,1.75,1,13,7,4.5,1,1,4,1,1,253,858
1,17.08,0.085,0,7,3,0.04,0,0,0,0,1,140,723
1,34.17,5.25,1,8,3,0.085,0,0,0,1,1,290,7
0,16.92,0.5,1,2,3,0.165,0,1,6,1,1,240,36
0,33.25,2.5,0,7,3,2.5,0,0,0,1,1,0,3
1,47.67,2.5,1,6,4,2.5,1,1,12,1,1,410,2511
1,35.17,25.125,1,13,7,1.625,1,1,1,1,1,515,501
0,44.33,0.0,1,7,3,2.5,1,0,0,0,1,0,1
0,47.0,13.0,1,2,4,5.165,1,1,9,1,1,0,1
1,25.67,2.21,0,5,3,4.0,1,0,0,0,1,188,1
1,28.33,5.0,1,8,3,11.0,1,0,0,1,1,70,1
1,65.42,11.0,1,9,8,20.0,1,1,7,1,1,22,1
0,16.0,0.165,1,5,3,1.0,0,1,2,1,1,320,2
1,34.17,9.17,1,7,3,4.5,1,1,12,1,1,0,222
1,23.08,2.5,1,0,0,0.085,0,0,0,1,1,100,4209
0,27.58,3.0,1,6,3,2.79,0,1,1,1,1,280,11
1,29.25,14.79,1,5,3,5.04,1,1,5,1,1,168,1
1,20.08,0.25,1,10,3,0.125,0,0,0,0,1,200,1
1,31.67,16.165,1,1,3,3.0,1,1,9,0,1,250,731
0,22.67,0.75,1,7,3,2.0,0,1,2,1,1,200,395
1,16.25,0.0,0,5,3,0.25,0,0,0,0,1,60,1
0,24.92,1.25,1,0,0,0.0,1,0,0,0,1,80,1
1,38.92,1.75,1,3,3,0.5,0,0,0,1,1,300,3
1,23.5,2.75,1,0,0,4.5,0,0,0,0,1,160,26
0,24.5,2.415,0,7,3,0.0,0,0,0,0,1,120,1
1,74.83,19.0,0,0,0,0.04,0,1,2,0,1,0,352
0,51.92,6.5,1,2,4,3.085,0,0,0,1,1,73,1
0,22.5,11.0,0,10,3,3.0,1,0,0,1,1,268,1
1,17.58,10.0,1,8,7,0.165,0,1,1,0,1,120,2
1,22.5,11.5,0,6,3,1.5,0,0,0,1,1,0,4001
1,37.42,2.04,1,8,3,0.04,1,0,0,1,1,400,5801
1,23.0,0.625,0,5,3,0.125,1,0,0,0,1,180,2
1,67.75,5.5,1,9,8,13.0,1,1,1,1,1,0,1
1,21.08,10.085,0,9,7,1.25,0,0,0,0,1,260,1
1,25.58,0.335,1,3,7,3.5,0,0,0,1,1,340,1
1,34.0,4.5,1,5,3,1.0,1,0,0,1,1,240,1
0,60.58,16.5,1,10,3,11.0,1,0,0,1,1,21,10562
1,18.58,10.29,1,0,0,0.415,0,0,0,0,1,80,1
0,27.67,1.5,1,6,3,2.0,1,0,0,0,0,368,1
1,20.42,0.0,1,7,3,0.0,0,0,0,0,2,184,1
1,44.25,11.0,0,1,3,1.5,1,0,0,0,0,0,1
0,18.75,7.5,1,10,3,2.71,1,1,5,0,1,184,26727
0,21.5,6.0,1,5,3,2.5,1,1,3,0,1,80,919
1,28.92,0.375,1,7,3,0.29,0,0,0,0,1,220,141
1,29.83,1.25,0,3,3,0.25,0,0,0,0,1,224,1
1,20.0,1.25,0,3,3,0.125,0,0,0,0,1,140,5
0,25.17,2.875,1,13,7,0.875,1,0,0,0,1,360,1
0,23.25,5.875,1,10,3,3.17,1,1,10,0,1,120,246
1,33.67,1.25,1,8,3,1.165,0,0,0,0,1,120,1
1,24.75,0.54,1,6,3,1.0,0,0,0,1,1,120,2
0,22.42,5.665,1,10,3,2.585,1,1,7,0,1,129,3258
1,40.58,5.0,1,7,3,5.0,1,1,7,0,1,0,3066
0,33.17,2.25,0,12,3,3.5,0,0,0,1,1,200,142
1,44.0,2.0,1,6,3,1.75,1,1,2,1,1,0,16
1,25.17,3.0,1,7,3,1.25,0,1,1,0,1,0,23
1,30.17,0.5,1,7,3,1.75,1,1,11,0,1,32,541
1,25.75,0.5,1,7,3,1.46,1,1,5,1,1,312,1
1,24.17,0.875,1,10,3,4.625,1,1,2,1,1,520,2001
1,22.92,0.17,1,6,3,0.085,0,0,0,0,0,0,1
0,20.75,10.25,1,10,3,0.71,1,1,2,1,1,49,1
0,24.33,2.5,0,2,4,4.5,0,0,0,0,1,200,457
1,25.5,0.375,1,6,3,0.25,1,1,3,0,1,260,15109
1,34.42,1.335,1,2,4,0.125,0,0,0,1,1,440,4501
1,36.42,0.75,0,1,3,0.585,0,0,0,0,1,240,4
1,31.57,0.04,0,1,3,4.25,0,0,0,1,1,460,1
1,31.0,2.085,1,7,3,0.085,0,0,0,0,1,300,1
1,30.17,1.085,0,7,3,0.04,0,0,0,0,1,170,180
1,30.67,2.5,1,12,7,2.25,0,0,0,1,0,340,1
0,24.5,1.75,0,7,3,0.165,0,0,0,0,1,132,1
1,24.58,12.5,1,8,3,0.875,1,0,0,1,1,260,1
1,40.92,2.25,0,13,7,10.0,1,0,0,1,1,176,1
1,28.67,14.5,1,1,3,0.125,0,0,0,0,1,0,287
1,25.0,11.25,1,7,3,2.5,1,1,17,0,1,200,1209
1,30.83,0.0,1,8,3,1.25,1,1,1,0,1,202,1
1,54.58,9.415,1,0,0,14.415,1,1,11,1,1,30,301
0,28.17,0.375,1,10,3,0.585,1,1,4,0,1,80,1
1,18.17,10.25,1,7,7,1.085,0,0,0,0,1,320,14
0,23.0,1.835,1,4,2,0.0,0,1,1,0,1,200,54
1,42.17,5.04,1,10,7,12.75,1,0,0,1,1,92,1
0,22.5,8.46,0,13,3,2.46,0,0,0,0,1,164,1
0,20.83,8.5,1,7,3,0.165,0,0,0,0,1,0,352
0,18.83,4.415,0,7,7,3.0,1,0,0,0,1,240,1
0,36.0,1.0,1,7,3,2.0,1,1,11,0,1,0,457
1,29.42,1.25,1,8,3,1.75,0,0,0,0,1,200,1
1,34.17,1.54,1,12,3,1.54,1,1,1,1,1,520,50001
1,59.5,2.75,1,8,3,1.75,1,1,5,1,1,60,59
1,26.67,2.71,0,12,3,5.25,1,1,1,0,1,211,1
1,22.08,11.0,1,12,3,0.665,1,0,0,0,1,100,1
0,26.5,2.71,0,7,3,0.085,0,0,0,0,0,80,1
1,21.83,11.0,1,13,3,0.29,1,1,6,0,1,121,1
1,52.42,1.5,1,1,3,3.75,0,0,0,1,1,0,351
0,22.92,11.585,1,12,3,0.04,1,0,0,0,1,80,1350
1,36.5,4.25,1,10,3,3.5,0,0,0,0,1,454,51
1,28.0,3.0,1,8,3,0.75,0,0,0,1,1,300,68
1,19.17,4.0,0,2,3,1.0,0,0,0,1,1,360,1001
1,20.0,0.0,1,1,3,0.5,0,0,0,0,1,144,1
0,35.75,0.915,1,5,3,0.75,1,1,4,0,1,0,1584
1,28.67,9.335,1,10,7,5.665,1,1,6,0,1,381,169
1,16.0,3.125,1,8,3,0.085,0,1,1,0,1,0,7
0,30.67,12.0,1,7,3,2.0,1,1,1,0,1,220,20
1,35.0,3.375,1,7,7,8.29,0,0,0,1,1,0,1
1,34.0,5.085,0,2,4,1.085,0,0,0,1,1,480,1
1,23.92,0.665,1,7,3,0.165,0,0,0,0,1,100,1
1,80.25,5.5,1,7,3,0.54,1,0,0,0,1,0,341
1,25.42,0.54,1,8,3,0.165,0,1,1,0,1,272,445
1,32.75,1.5,1,12,7,5.5,1,1,3,1,1,0,1
1,32.75,2.335,1,1,7,5.75,0,0,0,1,1,292,1
0,28.08,15.0,0,9,8,0.0,1,0,0,0,1,0,13213
1,26.33,13.0,1,9,1,0.0,0,0,0,1,1,140,1111
1,21.33,10.5,1,7,3,3.0,1,0,0,1,1,0,1
1,48.75,26.335,0,0,0,0.0,1,0,0,1,1,0,1
0,28.42,3.5,1,8,3,0.835,1,0,0,0,0,280,1
1,20.17,5.625,1,8,3,1.71,1,0,0,0,0,120,1
1,39.08,6.0,1,6,3,1.29,1,1,5,1,1,108,1098
1,28.25,0.875,1,6,3,0.96,1,1,3,1,1,396,1
1,29.17,3.5,1,8,3,3.5,1,1,3,1,1,329,1
0,20.67,1.835,1,10,3,2.085,1,1,5,0,1,220,2504
1,26.67,1.75,0,7,3,1.0,1,1,5,1,1,160,5778
1,26.67,4.25,1,12,3,4.29,1,1,1,1,1,120,1
1,22.67,10.5,1,10,7,1.335,1,0,0,0,1,100,1
0,19.75,0.75,1,7,3,0.795,1,1,5,1,1,140,6
1,19.0,1.75,0,7,3,2.335,0,0,0,1,1,112,7
1,54.42,0.5,0,3,7,3.96,1,0,0,0,1,180,315
1,37.33,2.665,1,12,3,0.165,0,0,0,1,1,0,502
0,36.58,0.29,1,0,0,0.0,0,1,10,0,1,200,19
0,25.25,12.5,1,1,3,1.0,0,0,0,1,1,180,1063
1,59.67,1.54,1,10,3,0.125,1,0,0,1,1,260,1
1,18.83,0.0,1,10,3,0.665,0,0,0,0,1,160,2
0,23.58,0.585,0,0,0,0.125,0,0,0,0,1,120,88
1,20.67,1.25,0,7,7,1.375,1,1,3,1,1,140,211
1,33.17,1.0,1,13,3,0.75,1,1,7,1,1,340,4072
1,30.33,0.5,1,1,7,0.085,0,0,0,1,0,252,1
0,20.42,10.5,0,13,7,0.0,0,0,0,1,1,154,33
1,27.58,2.04,0,5,3,2.0,1,1,3,1,1,370,561
0,25.0,12.33,1,12,7,3.5,1,1,6,0,1,400,459
1,28.0,2.0,1,3,7,4.165,1,1,2,1,1,181,1
1,32.33,2.5,1,7,3,1.25,0,0,0,1,1,280,1
0,20.5,11.835,1,7,7,6.0,1,0,0,0,1,340,1
1,49.58,19.0,1,0,0,0.0,1,1,1,0,1,94,1
1,60.08,14.5,1,0,0,18.0,1,1,15,1,1,0,1001
1,28.25,5.04,0,7,4,1.5,1,1,8,1,1,144,8
1,22.67,0.165,1,7,2,2.25,0,0,0,1,0,0,1
0,71.58,0.0,1,7,3,0.0,0,0,0,0,2,184,1
0,41.17,6.5,1,10,3,0.5,1,1,3,1,1,145,1
1,34.5,4.04,0,2,4,8.5,1,1,7,1,1,195,1
0,57.08,0.335,1,2,4,1.0,1,0,0,1,1,252,2198
1,48.58,0.205,0,3,3,0.25,1,1,11,0,1,380,2733
1,18.83,0.415,0,7,3,0.165,0,1,1,0,1,200,2
1,18.83,3.54,0,0,0,0.0,0,0,0,1,1,180,2
0,18.58,10.0,1,1,3,0.415,0,0,0,0,1,80,43
1,35.17,4.5,1,13,7,5.75,0,0,0,1,0,711,1
1,37.33,6.5,1,6,7,4.25,1,1,12,1,1,93,1
0,20.67,3.0,1,10,3,0.165,1,1,3,0,1,100,7
1,31.57,4.0,0,2,3,0.085,0,0,0,1,1,411,1
1,40.92,0.5,0,6,3,0.5,0,0,0,1,1,130,1
1,21.92,0.5,1,7,3,0.125,0,0,0,0,1,360,1
0,30.25,5.5,1,3,3,5.5,0,0,0,1,0,100,1
0,20.42,0.835,1,10,3,1.585,1,1,1,0,1,0,1
1,51.58,15.0,1,7,3,8.5,1,1,9,0,1,0,1
0,25.25,13.5,0,0,0,2.0,0,1,1,1,1,200,2
1,54.33,6.75,1,7,7,2.625,1,1,11,1,1,0,285
0,23.75,0.71,1,8,3,0.25,0,1,1,1,1,240,5
1,36.08,2.54,1,0,0,0.0,0,0,0,0,1,0,1001
1,51.83,2.04,0,0,0,1.5,0,0,0,0,1,120,2
1,22.67,1.585,0,8,3,3.085,1,1,6,0,1,80,1
1,25.92,0.875,1,3,3,0.375,0,1,2,1,1,174,4
1,36.33,3.79,1,8,3,1.165,1,0,0,1,1,200,1
0,31.57,1.5,1,0,0,0.0,0,1,2,1,1,200,106
1,22.0,0.79,1,8,3,0.29,0,1,1,0,1,420,284
1,19.0,0.0,0,0,0,0.0,0,1,4,0,1,45,2
0,52.17,0.0,0,0,0,0.0,0,0,0,0,1,0,1
1,23.92,0.585,0,12,7,0.125,0,0,0,0,1,240,2
0,68.67,15.0,1,9,8,0.0,1,1,14,0,1,0,3377
0,33.08,1.625,1,1,3,0.54,0,0,0,1,1,0,1
1,34.42,4.25,1,2,4,3.25,1,1,2,0,1,274,611
1,42.75,4.085,1,5,3,0.04,0,0,0,0,1,108,101
1,16.92,0.335,0,3,3,0.29,0,0,0,0,0,200,1
1,37.58,0.0,1,7,3,0.0,0,0,0,0,2,184,1
1,26.17,12.5,0,3,7,1.25,0,0,0,1,1,0,18
0,38.92,1.665,1,5,3,0.25,0,0,0,0,1,0,391
1,55.92,11.5,1,0,0,5.0,1,1,5,0,1,0,8852
0,47.25,0.75,1,10,7,2.75,1,1,1,0,1,333,893
1,33.58,0.25,1,2,4,4.0,0,0,0,1,0,420,1
1,18.42,10.415,0,5,3,0.125,1,0,0,0,1,120,376
0,20.08,0.125,1,10,3,1.0,0,1,1,0,1,240,769
1,41.17,4.04,1,12,7,7.0,1,1,8,0,1,320,1
1,21.17,0.25,0,7,7,0.25,0,0,0,0,1,280,205
1,32.42,3.0,1,1,3,0.165,0,0,0,1,1,120,1
0,22.67,0.335,1,10,3,0.75,0,0,0,0,0,160,1
1,26.67,14.585,1,2,4,0.0,0,0,0,1,1,178,1
1,20.67,0.415,1,7,3,0.125,0,0,0,0,1,0,45
1,18.58,5.71,1,1,3,0.54,0,0,0,0,1,120,1
0,26.08,8.665,1,5,3,1.415,1,0,0,0,1,160,151
1,18.17,2.46,1,7,6,0.96,0,1,2,1,1,160,588
1,42.08,1.04,1,8,3,5.0,1,1,6,1,1,500,10001
0,35.17,3.75,1,0,0,0.0,0,1,6,0,1,0,201
1,28.58,3.625,1,5,3,0.25,0,0,0,1,1,100,1
0,33.67,0.375,1,12,3,0.375,0,0,0,0,1,300,45
1,21.83,1.54,1,3,3,0.085,0,0,0,1,1,356,1
1,41.58,1.75,1,3,3,0.21,1,0,0,0,1,160,1
1,39.92,6.21,1,10,3,0.04,1,1,1,0,1,200,301
1,32.83,2.5,1,12,7,2.75,1,1,6,0,1,160,2073
1,22.17,0.585,0,0,0,0.0,0,0,0,0,1,100,1
1,24.42,12.335,1,10,7,1.585,1,0,0,1,1,120,1
1,16.08,0.75,1,7,3,1.75,1,1,5,1,1,352,691
1,37.75,7.0,1,10,7,11.5,1,1,7,1,1,300,6
0,24.58,0.67,1,5,7,1.75,1,0,0,0,1,400,1
1,43.17,5.0,1,2,4,2.25,0,0,0,1,1,141,1
1,22.25,9.0,1,5,3,0.085,0,0,0,0,1,0,1
0,18.42,9.25,1,10,3,1.21,1,1,4,0,1,60,541
0,22.58,10.75,1,10,3,0.415,1,1,5,1,1,0,561
0,27.67,2.04,1,8,3,0.25,0,0,0,1,1,180,51
1,26.17,0.835,1,12,3,1.165,0,0,0,0,1,100,1
1,17.42,6.5,1,2,3,0.125,0,0,0,0,1,60,101
0,18.92,9.25,0,7,3,1.0,1,1,4,1,1,80,501
1,58.58,2.71,1,7,3,2.415,0,0,0,1,1,320,1
1,26.75,4.5,0,7,4,2.5,0,0,0,0,1,200,1211
0,29.5,1.085,0,13,3,1.0,0,0,0,0,1,280,14
1,40.92,0.835,1,0,0,0.0,1,0,0,0,1,130,2
1,51.33,10.0,1,2,4,0.0,1,1,11,0,1,0,1250
1,38.67,0.21,1,3,3,0.085,1,0,0,1,1,280,1
0,58.42,21.0,1,2,4,10.0,1,1,13,0,1,0,6701
0,27.42,14.5,1,13,7,3.085,1,1,1,0,1,120,12
1,36.67,4.415,0,3,3,0.25,1,1,10,1,1,320,1
0,36.75,4.71,1,0,0,0.0,0,0,0,0,1,160,1
1,45.0,8.5,1,12,7,14.0,1,1,1,1,1,88,2001
0,17.67,0.0,0,4,0,0.0,0,0,0,0,1,86,1
1,27.25,1.665,1,12,7,5.085,1,1,9,0,1,399,828
1,19.17,9.5,1,8,3,1.5,1,0,0,0,1,120,2207
1,27.0,1.5,0,8,3,0.375,1,0,0,1,1,260,1066
1,44.25,0.5,1,6,3,10.75,1,0,0,0,0,400,1
1,26.25,1.54,1,8,3,0.125,0,0,0,0,1,100,1
1,31.08,1.5,0,8,3,0.04,0,0,0,0,0,160,1
0,50.08,12.54,1,5,3,2.29,1,1,3,1,1,156,1
1,27.75,0.585,0,12,3,0.25,1,1,2,0,1,260,501
0,26.58,2.54,0,0,0,0.0,0,0,0,1,1,180,61
1,32.67,5.5,1,10,7,5.5,1,1,12,1,1,408,1001
1,21.17,0.875,0,7,7,0.25,0,0,0,0,1,280,205
0,16.33,0.21,1,5,3,0.125,0,0,0,0,1,200,2
0,25.0,0.875,1,13,7,1.04,1,0,0,1,1,160,5861
1,34.0,5.5,0,7,3,1.5,0,0,0,1,1,60,1
1,19.5,0.29,1,3,3,0.29,0,0,0,0,1,280,365
0,60.92,5.0,1,5,3,4.0,1,1,4,0,1,0,100
1,26.83,0.54,1,3,0,0.0,0,0,0,0,1,100,1
0,23.5,9.0,1,10,3,8.5,1,1,5,1,1,120,1
0,31.75,3.0,0,4,2,0.0,0,0,0,0,1,160,21
0,55.75,7.08,1,3,7,6.75,1,1,3,1,1,100,51
1,16.33,2.75,1,5,3,0.665,0,1,1,0,1,80,22
1,30.58,2.71,0,6,3,0.125,0,0,0,1,0,80,1
0,26.92,13.5,1,10,7,5.0,1,1,2,0,1,0,5001
0,20.83,0.5,0,9,1,1.0,0,0,0,0,1,260,1
1,19.42,7.25,1,6,3,0.04,0,1,1,0,1,100,2
1,40.58,1.5,1,2,4,0.0,0,0,0,0,0,300,1
1,37.5,1.125,0,1,3,1.5,0,0,0,1,1,431,1
1,23.42,0.585,1,7,7,0.085,1,0,0,0,1,180,1
0,17.33,9.5,1,5,3,1.75,0,1,10,1,1,0,11
1,26.17,0.25,1,2,4,0.0,1,0,0,1,1,0,1
1,33.17,1.04,1,11,7,6.5,1,0,0,1,1,164,31286
0,21.08,5.0,0,0,0,0.0,0,0,0,0,1,0,1
1,31.25,2.835,1,0,0,0.0,0,1,5,0,1,176,147
1,19.67,0.375,1,10,3,2.0,1,1,2,1,1,80,1
1,27.58,3.25,0,10,7,5.085,0,1,2,1,1,369,2
1,34.92,2.5,1,8,3,0.0,1,0,0,1,1,239,201
1,22.83,3.0,1,6,3,1.29,1,1,1,0,1,260,801
1,16.5,0.125,1,7,3,0.165,0,0,0,0,1,132,1
1,30.75,1.585,1,1,3,0.585,0,0,0,1,0,0,1
1,21.67,1.165,0,3,3,2.5,1,1,1,0,1,180,21
1,29.5,0.58,1,8,3,0.29,0,1,1,0,1,340,2804
1,62.5,12.75,0,7,7,5.0,1,0,0,0,1,112,1
1,76.75,22.29,1,9,8,12.75,1,1,1,1,1,0,110
1,41.92,0.42,1,7,7,0.21,1,1,6,0,1,220,949
0,28.5,1.0,1,10,3,1.0,1,1,2,1,1,167,501
1,47.83,4.165,1,13,4,0.085,0,0,0,1,1,520,1
1,21.5,11.5,1,2,3,0.5,1,0,0,1,1,100,69
1,16.33,4.085,1,2,7,0.415,0,0,0,1,1,120,1
0,15.83,7.625,1,10,3,0.125,0,1,1,1,1,0,161
1,40.0,6.5,1,5,4,3.5,1,1,1,0,1,0,501
1,27.75,1.29,1,3,7,0.25,0,0,0,1,0,140,1
1,34.08,6.5,1,5,3,0.125,1,0,0,1,1,443,1
1,22.67,2.54,0,7,7,2.585,1,0,0,0,1,0,1
1,29.42,1.25,1,7,7,0.25,0,1,2,1,1,400,109
1,22.08,2.335,1,3,3,0.75,0,0,0,0,1,180,1
1,39.5,1.625,1,7,3,1.5,0,0,0,0,1,0,317
1,20.75,5.085,0,4,3,0.29,0,0,0,0,1,140,185
1,41.33,0.0,1,7,4,15.0,1,0,0,0,1,0,1
1,39.83,0.5,1,6,3,0.25,1,0,0,0,0,288,1
0,18.83,9.5,1,8,3,1.625,1,1,6,1,1,40,601
0,28.67,1.04,1,7,3,2.5,1,1,5,1,1,300,1431
1,19.42,6.5,1,8,7,1.46,1,1,7,0,1,80,2955
1,41.42,5.0,1,10,7,5.0,1,1,6,1,1,470,1
1,36.17,0.42,0,8,3,0.29,0,0,0,1,1,309,3
1,29.67,1.415,1,8,7,0.75,1,1,1,0,1,240,101
1,20.0,7.0,1,7,3,0.5,0,0,0,0,1,0,1
1,43.25,25.21,1,10,7,0.21,1,1,1,0,1,760,91
0,38.33,4.415,1,7,3,0.125,0,0,0,0,1,160,1
1,25.17,3.5,1,12,3,0.625,1,1,7,0,1,0,7060
0,32.25,1.5,1,7,3,0.25,0,0,0,1,1,372,123
0,24.5,12.75,1,7,4,4.75,1,1,2,0,1,73,445
1,49.5,7.585,1,2,4,7.585,1,1,15,1,1,0,5001
1,18.25,0.165,1,1,3,0.25,0,0,0,1,0,280,1
1,37.17,4.0,1,7,4,5.0,1,0,0,1,0,280,1
1,22.58,10.04,1,13,3,0.04,1,1,9,0,1,60,397
1,19.17,0.0,0,6,4,0.0,0,0,0,1,0,500,2
1,33.67,2.165,1,7,3,1.5,0,0,0,0,2,120,1
1,38.17,10.125,1,13,3,2.5,1,1,6,0,1,520,197
0,22.5,0.415,1,2,3,0.335,0,0,0,1,0,144,1
1,31.57,10.5,1,13,3,6.5,1,0,0,0,1,0,1
1,56.0,12.5,1,3,7,8.0,1,0,0,1,1,24,2029
1,24.58,13.5,0,0,0,0.0,0,0,0,0,1,184,1
1,20.67,0.835,0,7,3,2.0,0,0,0,1,0,240,1
1,69.17,9.0,1,0,0,4.0,0,1,1,0,1,70,7
1,34.17,2.75,1,2,4,2.5,0,0,0,1,1,232,201
1,36.67,2.0,1,2,3,0.25,0,0,0,1,1,221,1
1,36.17,18.125,1,8,3,0.085,0,0,0,0,1,320,3553
1,22.75,11.0,1,10,3,2.5,1,1,7,1,1,100,810
1,21.0,4.79,0,8,3,2.25,1,1,1,1,1,80,301
1,31.08,3.085,1,7,3,2.5,0,1,2,1,1,160,42
0,23.58,0.83,1,10,3,0.415,0,1,1,1,1,200,12
1,25.67,12.5,1,12,3,1.21,1,1,67,1,1,140,259
1,18.67,5.0,1,10,3,0.375,1,1,2,0,1,0,39
1,21.08,4.125,0,2,7,0.04,0,0,0,0,1,140,101
1,25.83,12.835,1,12,3,0.5,0,0,0,0,1,0,3
1,33.17,3.165,0,13,3,3.165,1,1,3,1,1,380,1
0,28.58,1.665,1,10,3,2.415,1,0,0,1,1,440,1
1,27.83,4.0,0,2,7,5.75,1,1,2,1,1,75,1
1,21.92,0.54,0,13,3,0.04,1,1,1,1,1,840,60
1,37.5,1.75,0,7,4,0.25,1,0,0,1,1,164,401
1,23.08,11.5,1,2,3,3.5,1,1,9,0,1,56,743
0,33.92,1.585,0,0,0,0.0,1,0,0,0,1,320,1
1,56.75,12.25,1,6,3,1.25,1,1,4,1,1,200,1
0,41.33,1.0,1,2,4,2.25,1,0,0,1,1,0,301
1,42.83,4.625,1,10,3,4.58,1,0,0,0,0,0,1
1,29.67,0.75,0,7,3,0.04,0,0,0,0,1,240,1
1,48.08,3.75,1,2,4,1.0,0,0,0,0,1,100,3
1,63.33,0.54,1,7,3,0.585,1,1,3,1,1,180,1
1,23.08,11.5,1,8,7,2.125,1,1,11,1,1,290,285
1,30.08,1.04,0,2,4,0.5,1,1,10,1,1,132,29
0,18.92,9.0,1,5,3,0.75,1,1,2,0,1,88,592
1,22.33,11.0,1,8,3,2.0,1,1,1,0,1,80,279
1,18.33,1.21,0,9,1,0.0,0,0,0,0,1,100,1
1,42.0,0.205,1,2,7,5.125,1,0,0,0,1,400,1
0,17.83,11.0,1,13,7,1.0,1,1,11,0,1,0,3001
1,28.75,1.5,0,7,3,1.5,1,0,0,1,1,0,226
1,28.17,0.125,0,3,3,0.085,0,0,0,0,1,216,2101
1,53.92,9.625,1,9,3,8.665,1,1,5,0,1,0,1
1,31.57,4.0,1,13,3,5.0,1,1,3,1,1,290,2280
0,23.0,11.75,1,13,7,0.5,1,1,2,1,1,300,552
1,23.5,3.165,0,3,3,0.415,0,1,1,1,1,280,81
1,48.17,3.5,1,5,3,3.5,1,0,0,0,0,230,1
1,21.0,3.0,0,1,3,1.085,1,1,8,1,1,160,2
0,32.33,0.54,1,12,3,0.04,1,0,0,0,1,440,11178
0,27.25,0.29,1,6,7,0.125,0,1,1,1,1,272,109
1,40.58,3.29,1,6,3,3.5,0,0,0,1,0,400,1
1,33.0,2.5,0,8,3,7.0,0,0,0,1,1,280,1
1,35.75,2.415,1,8,3,0.125,0,1,2,0,1,220,2
0,38.75,1.5,1,0,0,0.0,0,0,0,0,1,76,1
1,38.58,3.335,1,8,3,4.0,1,1,14,0,1,383,1345
0,37.33,2.5,1,2,7,0.21,0,0,0,0,1,260,247
1,22.08,0.83,1,7,7,2.165,0,0,0,1,1,128,1
0,26.17,2.0,1,4,2,0.0,0,0,0,1,1,276,2
1,27.83,1.5,1,8,3,2.25,0,1,1,1,1,100,4
1,23.92,1.5,1,1,7,1.875,1,1,6,0,1,200,328
0,20.75,9.54,1,2,3,0.04,0,0,0,0,1,200,1001
1,36.33,2.125,0,8,3,0.085,1,1,1,0,1,50,1188
0,15.75,0.375,1,7,3,1.0,0,0,0,0,1,120,19
0,42.25,1.75,0,7,3,0.0,0,0,0,1,1,150,2
1,39.92,5.0,1,2,4,0.21,0,0,0,0,1,550,1
1,39.33,5.875,1,12,7,10.0,1,1,14,1,1,399,1
1,31.33,19.5,1,7,3,7.0,1,1,16,0,1,0,5001
1,23.33,1.5,1,7,7,1.415,1,0,0,0,1,422,201
0,52.83,15.0,1,7,3,5.5,1,1,14,0,1,0,2201
1,21.42,0.75,0,11,6,0.75,0,0,0,1,1,132,3
0,19.17,8.585,1,12,7,0.75,1,1,7,0,1,96,1
1,29.92,1.835,1,7,7,4.335,1,0,0,0,1,260,201
1,29.83,3.5,1,7,3,0.165,0,0,0,0,1,216,1
1,45.17,1.5,1,7,3,2.5,1,0,0,1,1,140,1
1,32.92,2.5,1,5,3,1.75,0,1,2,1,1,720,1
1,19.33,9.5,1,10,3,1.0,1,0,0,1,1,60,401
1,34.25,3.0,1,12,7,7.415,1,0,0,1,1,0,1
1,19.58,0.585,1,0,0,0.0,0,1,3,0,1,350,770
1,34.08,2.5,1,7,3,1.0,0,0,0,0,1,460,17
0,40.83,10.0,1,10,7,1.75,1,0,0,0,1,29,838
1,20.42,7.0,1,7,3,1.625,1,1,3,0,1,200,1392
0,29.58,1.75,0,3,3,1.25,0,0,0,1,1,280,1
